,maximum,mean,mean+sigma,mean-sigma,minimum,time
0,0.0,0.0,0.0,0.0,0.0,0.0
1,0.0,0.0,0.0,0.0,0.0,28000000.0
2,0.0,0.0,0.0,0.0,0.0,56000000.0
3,0.0,0.0,0.0,0.0,0.0,84000000.0
4,0.0,0.0,0.0,0.0,0.0,112000000.0
5,0.0,0.0,0.0,0.0,0.0,140000000.0
6,0.0,0.0,0.0,0.0,0.0,168000000.0
7,0.0,0.0,0.0,0.0,0.0,196000000.0
8,0.0,0.0,0.0,0.0,0.0,224000000.0
9,0.0,0.0,0.0,0.0,0.0,252000000.0
10,0.0,0.0,0.0,0.0,0.0,280000000.0
11,0.0,0.0,0.0,0.0,0.0,308000000.0
12,0.0,0.0,0.0,0.0,0.0,336000000.0
13,0.0,0.0,0.0,0.0,0.0,364000000.0
14,1.48408545717e-08,1.19493900557e-08,1.27799797547e-08,1.11188003566e-08,8.96165272278e-09,392000000.0
15,9.97036869691e-08,7.81652543473e-08,8.53467614364e-08,7.09837472582e-08,5.11327501348e-08,420000000.0
16,4.75218817337e-07,3.4344051411e-07,3.87762536088e-07,2.99118492132e-07,1.80032125854e-07,448000000.0
17,1.4757292707e-06,1.05490079102e-06,1.19576779659e-06,9.14033785448e-07,5.37719924924e-07,476000000.0
18,3.24636226083e-06,2.28769843263e-06,2.60689905944e-06,1.96849780583e-06,1.12237858083e-06,504000000.0
19,6.5356193671e-06,4.5518701198e-06,5.20994801302e-06,3.89379222658e-06,2.16074068006e-06,532000000.0
20,1.27679265341e-05,8.82944421276e-06,1.01333808919e-05,7.52550753361e-06,4.10526768872e-06,560000000.0
21,2.16138258787e-05,1.49077609095e-05,1.71264599542e-05,1.26890618648e-05,6.87792677356e-06,588000000.0
22,3.36754943526e-05,2.31645145502e-05,2.66396912081e-05,1.96893378924e-05,1.06011151885e-05,616000000.0
23,5.07600661998e-05,3.48174592891e-05,4.00847968371e-05,2.95501217411e-05,1.57971490977e-05,644000000.0
24,7.40183124623e-05,5.06693741777e-05,5.83800616257e-05,4.29586867297e-05,2.2848875822e-05,672000000.0
25,0.000103626315541,7.08566857382e-05,8.16755684474e-05,6.00378030291e-05,3.18398681173e-05,700000000.0
26,0.000139948854321,9.55752702223e-05,0.000110221071672,8.09294687732e-05,4.27837379616e-05,728000000.0
27,0.000185088658822,0.000126267034443,0.00014567681705,0.000106857251836,5.6334140314e-05,756000000.0
28,0.000240882016061,0.000164300561861,0.000189569698094,0.000139031425629,7.32630461348e-05,784000000.0
29,0.000306648915293,0.000209146578586,0.000241318437732,0.00017697471944,9.3243275496e-05,812000000.0
30,0.000387559930867,0.000264225457037,0.000304917267956,0.000223533646118,0.000117651837959,840000000.0
31,0.000493238523101,0.000336026266594,0.000387886967141,0.000284165566047,0.000149277947365,868000000.0
32,0.00062451164007,0.000425238456619,0.000490966655016,0.000359510258222,0.000188603717857,896000000.0
33,0.000777517446132,0.000529246386792,0.000611130104876,0.000447362668709,0.000234488493899,924000000.0
34,0.000949574018089,0.000646257945711,0.000746292844267,0.000546223047155,0.000286184936036,952000000.0
35,0.00114121861211,0.000776572076231,0.000896830167744,0.000656313984719,0.000343732310265,980000000.0
36,0.00135591162961,0.000922693779191,0.00106556719688,0.000779820361504,0.000408449224097,1008000000.0
37,0.00159761958744,0.00108744408548,0.00125570683153,0.000919181339428,0.000481754558562,1036000000.0
38,0.00186923648319,0.0012729137564,0.0014696088669,0.0010762186459,0.000564743334779,1064000000.0
39,0.00217771388969,0.00148434151827,0.00171309425529,0.00125558878125,0.000660444123995,1092000000.0
40,0.00252695252787,0.00172411864184,0.00198904353148,0.0014591937522,0.00076954805453,1120000000.0
41,0.00292450118045,0.00199629930835,0.002302626335,0.0016899722817,0.000892338087054,1148000000.0
42,0.00338691002249,0.00231208241394,0.00266680390987,0.00195736091801,0.00103368305629,1176000000.0
43,0.00391302879466,0.0026713202342,0.00308111967499,0.0022615207934,0.00119440417725,1204000000.0
44,0.00448546219922,0.00306212109096,0.00353186503158,0.00259237715033,0.00136916164044,1232000000.0
45,0.00509484773707,0.00347784738403,0.00401149456595,0.00294420020212,0.0015546451673,1260000000.0
46,0.00573899440397,0.00391724289273,0.00451845185107,0.00331603393439,0.00175062642126,1288000000.0
47,0.00641617855444,0.00437960271091,0.00505171208315,0.00370749333867,0.00195744681528,1316000000.0
48,0.0071273455921,0.00486534825132,0.00561186186139,0.00411883464125,0.00217498303955,1344000000.0
49,0.00788031108374,0.00537931100386,0.00620470006511,0.0045539219426,0.00240469393945,1372000000.0
50,0.00868290136531,0.00592678709827,0.00683635625004,0.00501721794651,0.00264888253257,1400000000.0
51,0.00953466907092,0.00650828749041,0.00750705334436,0.00550952163647,0.0029089134322,1428000000.0
52,0.0104244901287,0.00711586400725,0.00820778278731,0.00602394522719,0.003180740076,1456000000.0
53,0.011349965197,0.00774770788636,0.00893653499896,0.00655888077376,0.00346331602567,1484000000.0
54,0.0123126159174,0.00840480498295,0.00969447082672,0.00711513913918,0.00375700841541,1512000000.0
55,0.0133123020273,0.00908744630838,0.0104817523345,0.00769314028221,0.00406248563515,1540000000.0
56,0.0143498513027,0.00979598255134,0.0112988802448,0.00829308485784,0.00437960608175,1568000000.0
57,0.0154288832653,0.0105332029239,0.0121489288188,0.00891747702912,0.00471005980535,1596000000.0
58,0.0165483685073,0.0112986218665,0.0130312405548,0.00956600317826,0.00505393197128,1624000000.0
59,0.0177071345038,0.0120917945229,0.0139451428287,0.010238446217,0.00541151856752,1652000000.0
60,0.0189048228825,0.0129118252977,0.0148898948235,0.0109337557719,0.0057815132157,1680000000.0
61,0.0201484410361,0.0137631982702,0.0158708029744,0.0116555935661,0.0061655037682,1708000000.0
62,0.0214417937358,0.0146483180174,0.0168907272274,0.0124059088075,0.00656429698317,1736000000.0
63,0.0227846332246,0.0155672852813,0.0179496626856,0.013184907877,0.0069783135037,1764000000.0
64,0.0241720834568,0.0165166360511,0.0190436746038,0.0139895974984,0.00740581624467,1792000000.0
65,0.025599482968,0.0174931421361,0.0201690601548,0.0148172241174,0.00784529788633,1820000000.0
66,0.0270648285427,0.0184955290763,0.0213243076067,0.015666750546,0.00829631813512,1848000000.0
67,0.0285669506101,0.019523571032,0.0225088996583,0.0165382424057,0.00875957291123,1876000000.0
68,0.030108485515,0.0205804254247,0.0237258692686,0.0174349815808,0.00923836346145,1904000000.0
69,0.0316868081291,0.0216659827852,0.0249743359421,0.0183576296282,0.00973498261531,1932000000.0
70,0.0332991149637,0.0227765131233,0.0262508123988,0.0193022138478,0.0102452350604,1960000000.0
71,0.0349787664836,0.0239320537682,0.0275796368617,0.0202844706746,0.0107742707896,1988000000.0
72,0.0367372460466,0.0251416860492,0.0289707269215,0.0213126451769,0.0113278787155,2016000000.0
73,0.0385605810873,0.0263967098652,0.030413672065,0.0223797476655,0.0119033359371,2044000000.0
74,0.0404374087655,0.0276883182844,0.0318987847648,0.023477851804,0.0124952436153,2072000000.0
75,0.0423663638416,0.0290141427568,0.0334239764984,0.0246043090152,0.0131005434475,2100000000.0
76,0.0443474385731,0.0303739668564,0.0349890919554,0.0257588417573,0.0137188448144,2128000000.0
77,0.046373335198,0.0317640318801,0.0365892477842,0.026938815976,0.014350169602,2156000000.0
78,0.048436506963,0.0331797544037,0.038218902776,0.0281406060314,0.014993259722,2184000000.0
79,0.0505343359217,0.0346191998655,0.0398758915904,0.0293625081407,0.0156470451056,2212000000.0
80,0.0526708271695,0.0360844074631,0.0415628774625,0.0306059374638,0.0163114703049,2240000000.0
81,0.0548469702037,0.0375765062874,0.0432809595406,0.0318720530342,0.0169876714321,2268000000.0
82,0.0570617492419,0.0390945627814,0.0450291685682,0.0331599569947,0.0176748969062,2296000000.0
83,0.0593120173962,0.040636497025,0.0468050749271,0.034467919123,0.018372311912,2324000000.0
84,0.0615949509004,0.0422004006849,0.0486064688567,0.0357943325131,0.0190790901597,2352000000.0
85,0.0639090513606,0.0437851844031,0.0504321236419,0.0371382451643,0.0197946521014,2380000000.0
86,0.0662524199075,0.0453896720806,0.0522806289384,0.0384987152229,0.0205186391758,2408000000.0
87,0.0686210905266,0.0470117507034,0.05414928137,0.0398742200367,0.0212509339627,2436000000.0
88,0.0710137330763,0.0486509131226,0.0560373164525,0.0412645097928,0.0219918676547,2464000000.0
89,0.073432816067,0.0503085455021,0.0579464669012,0.0426706241031,0.0227416438765,2492000000.0
90,0.0758813693849,0.0519863825458,0.0598788829791,0.0440938821125,0.0235005738049,2520000000.0
91,0.0783572639984,0.0536828560944,0.0618328073389,0.0455329048499,0.0242677966146,2548000000.0
92,0.0808537322872,0.0553949490106,0.0638040421875,0.0469858558337,0.0250441941347,2576000000.0
93,0.0833732349158,0.0571284908348,0.0657974532307,0.048459528439,0.0258381481564,2604000000.0
94,0.0859311963295,0.0588889285867,0.0678215993632,0.0499562578102,0.0266450202178,2632000000.0
95,0.0885409530817,0.0606842464894,0.0698861912108,0.051482301768,0.0274668210991,2660000000.0
96,0.0911990966381,0.0625128792685,0.0719890823356,0.0530366762015,0.0283039109322,2688000000.0
97,0.0938987214352,0.0643698370922,0.0741246408022,0.0546150333821,0.0291536751121,2716000000.0
98,0.096634279483,0.0662506701922,0.0762880306601,0.0562133097244,0.0300132023048,2744000000.0
99,0.0994022986341,0.0681530491862,0.0784765467903,0.0578295515822,0.0308815079986,2772000000.0
100,0.102199015828,0.0700739509125,0.0806869055171,0.0594609963079,0.0317566083206,2800000000.0
101,0.105023925936,0.0720146200651,0.0829198309947,0.0611094091356,0.0326412720003,2828000000.0
102,0.107875530176,0.0739729303603,0.0851733644731,0.0627724962475,0.0335330131066,2856000000.0
103,0.110752086856,0.0759474084924,0.0874459338485,0.0644488831364,0.0344307772235,2884000000.0
104,0.113654552579,0.0779412041314,0.089740054598,0.0661423536649,0.0353394472626,2912000000.0
105,0.116584422593,0.0799541454221,0.0920560622819,0.0678522285624,0.0362572865774,2940000000.0
106,0.119541473947,0.0819844464892,0.0943926281647,0.0695762648138,0.0371812230318,2968000000.0
107,0.122524430315,0.0840326556062,0.0967497493146,0.0713155618979,0.0381134774542,2996000000.0
108,0.125530516252,0.0860966798869,0.0991251004687,0.0730682593052,0.0390528382795,3024000000.0
109,0.128561006834,0.0881777584924,0.101519945888,0.0748355710973,0.0400003726944,3052000000.0
110,0.131614397734,0.0902739364992,0.103932446008,0.0766154269904,0.0409539151414,3080000000.0
111,0.134690290156,0.0923857104645,0.106362829524,0.0784085914047,0.0419147576109,3108000000.0
112,0.13779006125,0.0945149196677,0.108812815533,0.0802170238028,0.0428849738395,3136000000.0
113,0.140913939928,0.096660506089,0.111281727083,0.0820392850947,0.0438624007955,3164000000.0
114,0.144061327266,0.0988216980623,0.113768836463,0.0838745596612,0.0448461885358,3192000000.0
115,0.147232949498,0.101000157742,0.116275538904,0.0857247765807,0.0458387035249,3220000000.0
116,0.15042650078,0.10319307787,0.118799148263,0.087587007476,0.0468369744036,3248000000.0
117,0.153640239985,0.105399110726,0.121338181253,0.0894600401996,0.0478401771575,3276000000.0
118,0.156876170218,0.10762137931,0.123895454457,0.0913473041617,0.0488521513724,3304000000.0
119,0.160132235194,0.109856777042,0.126468146635,0.0932454074498,0.0498691381841,3332000000.0
120,0.163407340441,0.112104418382,0.129055298301,0.0951535384639,0.0508905490661,3360000000.0
121,0.166700012253,0.114363848914,0.131656138506,0.0970715593207,0.0519169485789,3388000000.0
122,0.170011118731,0.116636416686,0.134271884105,0.0990009492675,0.0529499908061,3416000000.0
123,0.173338100131,0.118918884919,0.136899468132,0.100938301707,0.053986155793,3444000000.0
124,0.17668270965,0.121213767529,0.139541200868,0.102886334191,0.0550284005525,3472000000.0
125,0.180042518941,0.123518525226,0.142194547898,0.104842502554,0.056074362871,3500000000.0
126,0.183417589933,0.125833681481,0.144859897699,0.106807465263,0.0571249464991,3528000000.0
127,0.186808008979,0.128159500598,0.147537463242,0.108781537953,0.058180555403,3556000000.0
128,0.190214421082,0.130496406554,0.150227740859,0.11076507225,0.0592413564057,3584000000.0
129,0.193629462469,0.132836583214,0.152922963296,0.112750203132,0.0602999730855,3612000000.0
130,0.197057367718,0.135186730376,0.155629153904,0.114744306848,0.0613647021232,3640000000.0
131,0.200504369276,0.137552796983,0.158352416161,0.116753177804,0.0624405613097,3668000000.0
132,0.203971877422,0.139933354603,0.161092172406,0.118774536801,0.0635235840707,3696000000.0
133,0.207453392521,0.142320715519,0.16384100999,0.120800421048,0.0646058091162,3724000000.0
134,0.210954874555,0.144723411429,0.166606772553,0.122840050304,0.0656972624127,3752000000.0
135,0.214471960436,0.147136314913,0.169384507566,0.124888122261,0.0667926607553,3780000000.0
136,0.218005574087,0.149560286246,0.17217510457,0.126945467922,0.0678927082419,3808000000.0
137,0.22155467109,0.151994424272,0.174977608358,0.129011240187,0.0689967400799,3836000000.0
138,0.225114736994,0.15443424044,0.177787471201,0.131081009679,0.0701007916564,3864000000.0
139,0.228686654055,0.156881921704,0.180606506527,0.133157336881,0.0712080462273,3892000000.0
140,0.232266562295,0.159333712635,0.183430884095,0.135236541175,0.0723152654704,3920000000.0
141,0.235853765302,0.161789527052,0.186260330365,0.137318723739,0.073422952569,3948000000.0
142,0.239451592873,0.164253353247,0.189098678016,0.139408028479,0.0745352777736,3976000000.0
143,0.243060643637,0.166725045788,0.191946007232,0.141504084345,0.0756514048956,4004000000.0
144,0.246681726538,0.169204884319,0.194802762531,0.143607006108,0.0767710795868,4032000000.0
145,0.250306343455,0.171683932606,0.197660039596,0.145707825616,0.0778859434753,4060000000.0
146,0.253943276726,0.174173380137,0.20052842022,0.147818340054,0.0790082283011,4088000000.0
147,0.257588896535,0.176668547541,0.203403492272,0.14993360281,0.0801327780687,4116000000.0
148,0.261246692921,0.179172533945,0.20628850963,0.15205655826,0.0812619757372,4144000000.0
149,0.264914548945,0.181682746478,0.209180995266,0.154184497691,0.0823930647024,4172000000.0
150,0.268589854823,0.184196729192,0.212078418272,0.156315040112,0.0835240083843,4200000000.0
151,0.272269752,0.186712393354,0.214978430969,0.15844635574,0.0846536818202,4228000000.0
152,0.275951643255,0.189227930175,0.217878963133,0.160576897217,0.0857812265247,4256000000.0
153,0.279641242644,0.191750000276,0.220786462015,0.162713538536,0.0869134614872,4284000000.0
154,0.283337937024,0.19427697336,0.223699589517,0.164854357204,0.0880479713784,4312000000.0
155,0.287038163915,0.19680462516,0.226614275541,0.166994974779,0.0891803730981,4340000000.0
156,0.290741166515,0.199333075002,0.22953037312,0.169135776883,0.0903116051041,4368000000.0
157,0.2944533919,0.201869695965,0.232455056182,0.171284335747,0.0914491000482,4396000000.0
158,0.298169215697,0.204407482595,0.235381661666,0.173433303525,0.0925853196421,4424000000.0
159,0.30188384228,0.206941800255,0.238305453162,0.175578147347,0.0937162977804,4452000000.0
160,0.305599920542,0.209476974456,0.241230292999,0.177723655913,0.0948474717375,4480000000.0
161,0.309323288119,0.212019183111,0.244162325173,0.17987604105,0.0959846554538,4508000000.0
162,0.313048362034,0.21456122311,0.247094759961,0.18202768626,0.0971199078491,4536000000.0
163,0.31677769943,0.21710608544,0.250030489704,0.184181681176,0.0982562993725,4564000000.0
164,0.320510316716,0.219652974467,0.252968652305,0.186337296629,0.0993933014758,4592000000.0
165,0.324249338653,0.222205193247,0.255912533735,0.188497852759,0.100534019164,4620000000.0
166,0.327996962762,0.224764462927,0.258864020198,0.190664905656,0.101679529513,4648000000.0
167,0.331759788431,0.227336818,0.261829387128,0.192844248872,0.102834659001,4676000000.0
168,0.335530283162,0.229913065466,0.26479984499,0.195026285943,0.103989659668,4704000000.0
169,0.339306780694,0.232492166681,0.267774151571,0.197210181792,0.105144204711,4732000000.0
170,0.343086457186,0.235072269066,0.270750136466,0.199394401666,0.106297570436,4760000000.0
171,0.346876348325,0.237661400115,0.273735614779,0.201587185451,0.107457833629,4788000000.0
172,0.350670978741,0.240252853438,0.276724180576,0.2037815263,0.108617864365,4816000000.0
173,0.354467950959,0.242844272356,0.279713438097,0.205975106614,0.109775606895,4844000000.0
174,0.358277166176,0.2454467744,0.282714258666,0.208179290133,0.110942097613,4872000000.0
175,0.362095149301,0.248055493278,0.285722146277,0.21038884028,0.112111689805,4900000000.0
176,0.365915939341,0.250663865165,0.288730647276,0.212597083054,0.113277977085,4928000000.0
177,0.369752146801,0.253286096359,0.291753640514,0.214818552204,0.114455101531,4956000000.0
178,0.37359494942,0.255911719659,0.294781043488,0.21704239583,0.115632197515,4984000000.0
179,0.377445335317,0.25854198151,0.29781403775,0.21926992527,0.116810618254,5012000000.0
180,0.381303417074,0.261177497023,0.300853091714,0.221501902333,0.117991387885,5040000000.0
181,0.38516859826,0.263817666054,0.303897599599,0.223737732508,0.119173969497,5068000000.0
182,0.389036359838,0.26645787578,0.30694292524,0.225972826319,0.120354174317,5096000000.0
183,0.392900249805,0.26909219961,0.30998291462,0.2282014846,0.121527234255,5124000000.0
184,0.396770826115,0.27173298714,0.313029508777,0.230436465504,0.122705827302,5152000000.0
185,0.400642298868,0.274373329325,0.316076062975,0.232670595675,0.123882749718,5180000000.0
186,0.404510951505,0.277009359811,0.319118713156,0.234900006466,0.125054422942,5208000000.0
187,0.408385607619,0.279651174195,0.322167279679,0.237135068711,0.126231028011,5236000000.0
188,0.412255859245,0.282287239664,0.325210443859,0.239364035468,0.127401246368,5264000000.0
189,0.416148384006,0.284945912232,0.328276367557,0.241615456906,0.128591874188,5292000000.0
190,0.42005019604,0.28761068456,0.331349434498,0.243871934622,0.129784894751,5320000000.0
191,0.423959658069,0.290279431105,0.334427644559,0.246131217651,0.130977955069,5348000000.0
192,0.427872960568,0.292949262095,0.337507794209,0.248390729981,0.132169360701,5376000000.0
193,0.431792009176,0.295623075805,0.340592510754,0.250653640855,0.133362630601,5404000000.0
194,0.435720853689,0.298305114585,0.343686025334,0.252924203837,0.134561718127,5432000000.0
195,0.439647281511,0.300981966609,0.34677514216,0.255188791059,0.135753564067,5460000000.0
196,0.443584452698,0.303668488247,0.349874365756,0.257462610738,0.136952983752,5488000000.0
197,0.447522737984,0.306353955551,0.352973186496,0.259734724606,0.138149406171,5516000000.0
198,0.451462692824,0.309039324833,0.356072448867,0.262006200799,0.139344062102,5544000000.0
199,0.455402902861,0.311723716583,0.359171099925,0.26427633324,0.140536678036,5572000000.0
200,0.459341240012,0.314405259373,0.362267168773,0.266543349973,0.141725834579,5600000000.0
201,0.46328127738,0.317088090737,0.365364666746,0.268811514728,0.142915745245,5628000000.0
202,0.467223566495,0.319772517719,0.368463979111,0.271081056326,0.144106450638,5656000000.0
203,0.471164448588,0.322454447713,0.371561100103,0.273347795322,0.145293901248,5684000000.0
204,0.475107933956,0.325138453717,0.374660481867,0.275616425568,0.14648269597,5712000000.0
205,0.479050172829,0.327820377745,0.377758014123,0.277882741367,0.147668846536,5740000000.0
206,0.482993878707,0.330503276295,0.380856682697,0.280149869894,0.148855395307,5768000000.0
207,0.486940101506,0.333188159527,0.38395752121,0.282418797843,0.150043202292,5796000000.0
208,0.490881468243,0.33586712355,0.387052699777,0.284681547323,0.151224738462,5824000000.0
209,0.494822794153,0.338545996522,0.390147801903,0.28694419114,0.152406145991,5852000000.0
210,0.498767581656,0.341228398998,0.393246452464,0.289210345533,0.153590754907,5880000000.0
211,0.502710549082,0.343908193942,0.396342707531,0.291473680352,0.154772298205,5908000000.0
212,0.506652159679,0.346586196535,0.399437283752,0.293735109318,0.155951834758,5936000000.0
213,0.510594855657,0.34926524757,0.402532931695,0.295997563446,0.157132268022,5964000000.0
214,0.514537126178,0.351943539332,0.405627914301,0.298259164363,0.158311709318,5992000000.0
215,0.518475399893,0.35461737582,0.408718532506,0.300516219134,0.159486755382,6020000000.0
216,0.522417576206,0.35729544717,0.411813331411,0.302777562929,0.160665880883,6048000000.0
217,0.526363889041,0.359977335735,0.414912088055,0.305042583414,0.161848095576,6076000000.0
218,0.530316201652,0.362664341148,0.418016289007,0.307312393288,0.163034019027,6104000000.0
219,0.53426736706,0.365348691849,0.421118267272,0.309579116426,0.164216150809,6132000000.0
220,0.538215831096,0.368029511341,0.424216929246,0.311842093437,0.165394355786,6160000000.0
221,0.542160888602,0.370706836902,0.427312085436,0.314101588369,0.166569372477,6188000000.0
222,0.546108824645,0.373387488874,0.430410468249,0.316364509498,0.167747771054,6216000000.0
223,0.550053623848,0.37606456751,0.433505371868,0.318623763151,0.168922579097,6244000000.0
224,0.55400145123,0.378744666031,0.436603331769,0.320886000293,0.1701000632,6272000000.0
225,0.557949591932,0.381424644351,0.439701303107,0.323147985595,0.171277028585,6300000000.0
226,0.561900274341,0.384106763696,0.442801562174,0.325411965218,0.17245551613,6328000000.0
227,0.565855991163,0.386793456268,0.445906586676,0.32768032586,0.173637629979,6356000000.0
228,0.569812894024,0.389480297128,0.449012079037,0.329948515219,0.174818889655,6384000000.0
229,0.573768618969,0.39216506607,0.452115750429,0.33221438171,0.175997458515,6412000000.0
230,0.577725090405,0.394850286922,0.45521996919,0.334480604654,0.177176149134,6440000000.0
231,0.58168547034,0.397539239065,0.458328015111,0.336750463019,0.178357987587,6468000000.0
232,0.585642669117,0.400224114683,0.461432213703,0.339016015663,0.179535352327,6496000000.0
233,0.589600099516,0.40290898562,0.464536480181,0.341281491059,0.180712488392,6524000000.0
234,0.59355373875,0.405589814948,0.467636737248,0.343542892648,0.181885794515,6552000000.0
235,0.597503946836,0.408267324622,0.470733604074,0.345801045169,0.183056256209,6580000000.0
236,0.601465552436,0.410957053494,0.473842573979,0.348071533008,0.184238358452,6608000000.0
237,0.605425691922,0.413644040097,0.476949162285,0.35033891791,0.185416811021,6636000000.0
238,0.609389700732,0.416334128789,0.48005912217,0.352609135408,0.186597291636,6664000000.0
239,0.61335917647,0.419029102034,0.483174199166,0.354884004901,0.187781560106,6692000000.0
240,0.617326509971,0.421720717378,0.486286253656,0.357155181099,0.188961689229,6720000000.0
241,0.621295415745,0.424413474186,0.489399594388,0.359427353984,0.190142423523,6748000000.0
242,0.625269900997,0.427111604331,0.492518431142,0.361704777521,0.191327737541,6776000000.0
243,0.629246864699,0.429811272886,0.495639111387,0.363983434386,0.192513525697,6804000000.0
244,0.633225446231,0.43251156849,0.498760729247,0.366262407732,0.193698929806,6832000000.0
245,0.637205962497,0.435213072801,0.501883791718,0.368542353884,0.194884718365,6860000000.0
246,0.641185982407,0.43791336608,0.505005848898,0.370820883262,0.196068751603,6888000000.0
247,0.645159887291,0.440606920239,0.508121284042,0.373092556435,0.197246202465,6916000000.0
248,0.649144998847,0.443312423078,0.511248572503,0.375376273654,0.198434977753,6944000000.0
249,0.653128073753,0.446014738641,0.514372991203,0.377656486078,0.199619827125,6972000000.0
250,0.657116394243,0.448721645442,0.517502252348,0.379941038535,0.20080813529,7000000000.0
251,0.661102304187,0.451425141264,0.520628371605,0.382221910924,0.201992461424,7028000000.0
252,0.665083871424,0.454123759663,0.523749723771,0.384497795555,0.203171944692,7056000000.0
253,0.669076207165,0.456833800926,0.526882424254,0.386785177598,0.204362201791,7084000000.0
254,0.673071175826,0.459545445569,0.53001706132,0.389073829818,0.205552905736,7112000000.0
255,0.677075040564,0.46226494309,0.53315995738,0.391369928801,0.206749597824,7140000000.0
256,0.681075877992,0.46497962884,0.536298535603,0.393660722078,0.207940318015,7168000000.0
257,0.68508496186,0.467702090661,0.539445119642,0.395959061681,0.20913750233,7196000000.0
258,0.689095495999,0.470424875386,0.542592375671,0.398257375101,0.210333902516,7224000000.0
259,0.693104181009,0.473144649605,0.545736944096,0.400552355114,0.211526523684,7252000000.0
260,0.69710955708,0.475860576381,0.548877787988,0.402843364774,0.212715213785,7280000000.0
261,0.701120620095,0.478582447486,0.552024562796,0.405140332175,0.213909431477,7308000000.0
262,0.705139609191,0.48131179788,0.55517903604,0.40744455972,0.215109871927,7336000000.0
263,0.709161464057,0.484042523026,0.558335356111,0.409749689941,0.21631011758,7364000000.0
264,0.713187355158,0.486776044242,0.561494883065,0.412057205418,0.217511669977,7392000000.0
265,0.717210664366,0.489505730185,0.564650916871,0.4143605435,0.218708622925,7420000000.0
266,0.721243578382,0.492244874767,0.567816557976,0.416673191559,0.219913843406,7448000000.0
267,0.725273441719,0.494979577453,0.570978134913,0.418981019992,0.22111379434,7476000000.0
268,0.729309720834,0.497720157078,0.574145818466,0.42129449569,0.222318456483,7504000000.0
269,0.733341628146,0.500455193585,0.577308257222,0.423602129947,0.223517079289,7532000000.0
270,0.737378144126,0.503194618286,0.580475199961,0.425914036612,0.224719392652,7560000000.0
271,0.741415273536,0.505934015552,0.583642311492,0.428225719612,0.225921072746,7588000000.0
272,0.745448372857,0.508668539575,0.586804754954,0.430532324196,0.227117620646,7616000000.0
273,0.749474741748,0.511396066593,0.589960206686,0.432831926501,0.228307696654,7644000000.0
274,0.753501920518,0.514125080321,0.593116954167,0.435133206475,0.229499737036,7672000000.0
275,0.757534414039,0.516859760598,0.596279322553,0.437440198644,0.230697147833,7700000000.0
276,0.761571385841,0.519598296356,0.599445779623,0.439750813089,0.231897393484,7728000000.0
277,0.765613455727,0.522340954066,0.602616703038,0.442065205094,0.233100375121,7756000000.0
278,0.769661984786,0.525089033707,0.605793425702,0.444384641713,0.234307190042,7784000000.0
279,0.77371164517,0.527836850316,0.60897030995,0.446703390682,0.235512446418,7812000000.0
280,0.777764687562,0.530587140702,0.612149973515,0.449024307889,0.236719038466,7840000000.0
281,0.781821269423,0.533340153906,0.61533264008,0.451347667732,0.237927274533,7868000000.0
282,0.785878514488,0.536092816243,0.618515262893,0.453670369593,0.2391342353,7896000000.0
283,0.789934360215,0.538843244528,0.621695883243,0.455990605813,0.240338417484,7924000000.0
284,0.79399554496,0.541598802588,0.624881753648,0.458315851528,0.241546959977,7952000000.0
285,0.798063141203,0.544360116224,0.628073643633,0.460646588816,0.242759994576,7980000000.0
286,0.80213607738,0.547125536396,0.631270063156,0.462981009636,0.243975507028,8008000000.0
287,0.806213026627,0.549893598008,0.634469573501,0.465317622515,0.245192063891,8036000000.0
288,0.810298444631,0.552669064871,0.637676895993,0.46766123375,0.246414191771,8064000000.0
289,0.81438120461,0.555440108356,0.640880288107,0.469999928605,0.247630711094,8092000000.0
290,0.818468412126,0.558214883817,0.644087672354,0.47234209528,0.248849867377,8120000000.0
291,0.822548894365,0.560981843846,0.647287490244,0.474676197447,0.250061041905,8148000000.0
292,0.826627872304,0.563747203781,0.65048572009,0.477008687471,0.25127070333,8176000000.0
293,0.830716918783,0.566523083622,0.653694446244,0.479351721,0.252490143211,8204000000.0
294,0.834804207134,0.569295964147,0.656900521008,0.481691407286,0.253705738185,8232000000.0
295,0.838898123202,0.57207481986,0.660112836216,0.484036803504,0.25492602367,8260000000.0
296,0.84299489742,0.574855536698,0.663327338584,0.486383734812,0.256147015968,8288000000.0
297,0.84708859923,0.577631985765,0.66653789328,0.48872607825,0.257363079552,8316000000.0
298,0.85118596463,0.580411846241,0.669751973957,0.491071718526,0.258581935448,8344000000.0
299,0.855282299917,0.583190057016,0.672964577037,0.493415536995,0.259798736493,8372000000.0
300,0.859382554648,0.585971840836,0.676180898367,0.495762783305,0.261018383986,8400000000.0
301,0.863478230014,0.588748168073,0.679391972799,0.498104363347,0.262232348475,8428000000.0
302,0.867581638938,0.591532316223,0.682610926567,0.500453705878,0.263453346829,8456000000.0
303,0.871684047809,0.594314584956,0.685828250198,0.502800919713,0.264671839362,8484000000.0
304,0.875788316504,0.597098071301,0.689047001706,0.505149140895,0.265890803891,8512000000.0
305,0.879895949737,0.599884441927,0.692268816219,0.507500067635,0.267111875546,8540000000.0
306,0.884003980404,0.602670425917,0.695490480412,0.509850371423,0.268331858635,8568000000.0
307,0.888118633588,0.605462606218,0.698718539054,0.512206673383,0.269556943786,8596000000.0
308,0.892235162937,0.608255639196,0.701947773566,0.514563504825,0.270781814343,8624000000.0
309,0.896347893875,0.611043750447,0.705172377424,0.516915123469,0.272001243434,8652000000.0
310,0.900464777127,0.613835915047,0.70840110912,0.519270720975,0.273224180932,8680000000.0
311,0.904585946077,0.616631966501,0.711633892284,0.521630040717,0.274450193947,8708000000.0
312,0.908701374354,0.619421131541,0.714860065694,0.523982197388,0.275668998067,8736000000.0
313,0.912817980871,0.622211375488,0.718087360301,0.526335390676,0.276888666692,8764000000.0
314,0.916936320395,0.625003275025,0.721316352319,0.528690197731,0.278109733178,8792000000.0
315,0.92105541794,0.627795507622,0.724545811441,0.531045203803,0.279330691918,8820000000.0
316,0.925174720493,0.630587470679,0.727775143737,0.53339979762,0.280550960235,8848000000.0
317,0.929292789311,0.633377778863,0.731002932475,0.535752625252,0.281769357656,8876000000.0
318,0.933411109692,0.636168175642,0.734230860866,0.538105490419,0.282987678979,8904000000.0
319,0.937533385296,0.638962461703,0.737462741052,0.540462182354,0.28420939427,8932000000.0
320,0.941652154851,0.641752517427,0.740690567279,0.542814467576,0.285426661685,8960000000.0
321,0.945774324707,0.644545914599,0.743921789344,0.545170039853,0.286646842911,8988000000.0
322,0.949895872245,0.647338285031,0.747152097692,0.54752447237,0.287865727377,9016000000.0
323,0.954014811301,0.650127626792,0.750379473546,0.549875780037,0.289081520877,9044000000.0
324,0.958139770832,0.652923195456,0.753613080569,0.552233310344,0.290303044694,9072000000.0
325,0.962258401276,0.655711629391,0.756839722803,0.554583535979,0.291517462047,9100000000.0
326,0.966380788834,0.658503971937,0.760070269636,0.556937674237,0.292735497134,9128000000.0
327,0.970506385751,0.661299386902,0.763303964271,0.559294809534,0.293956132743,9156000000.0
328,0.974629633827,0.664091721919,0.766534769983,0.561648673855,0.295173336409,9184000000.0
329,0.978757338477,0.666888404538,0.769770003893,0.564006805183,0.296394300492,9212000000.0
330,0.982890241888,0.669689912433,0.773010229954,0.566369594911,0.297619198214,9240000000.0
331,0.987019434373,0.672486630565,0.776245945463,0.568727315668,0.298838814013,9268000000.0
332,0.991150394855,0.675284875109,0.779483278111,0.571086472106,0.300059556888,9296000000.0
333,0.995280575725,0.67808206266,0.782719627534,0.573444497785,0.301279096817,9324000000.0
334,0.999413232334,0.680881588671,0.785958382924,0.575804794419,0.302500584636,9352000000.0
335,1.00354446683,0.683679224374,0.789195371304,0.578163077445,0.303719947603,9380000000.0
336,1.00767410258,0.686474966795,0.79243053641,0.580519397179,0.304937348068,9408000000.0
337,1.01180745983,0.689274531267,0.795669534141,0.582879528394,0.306158240931,9436000000.0
338,1.0159377069,0.692070456685,0.798905015857,0.585235897512,0.307375397093,9464000000.0
339,1.02006993204,0.694868285131,0.802142444302,0.587594125959,0.308594173276,9492000000.0
340,1.02421015062,0.697674107631,0.805387953052,0.58996026221,0.30982005479,9520000000.0
341,1.0283511494,0.700479705491,0.808633543097,0.592325867885,0.311044781973,9548000000.0
342,1.03248763041,0.703279798938,0.811873872109,0.594685725767,0.312263679663,9576000000.0
343,1.0366222552,0.706077956264,0.815112268734,0.597043643794,0.313480780709,9604000000.0
344,1.04075466275,0.708874023505,0.818348513835,0.599399533175,0.31469614499,9632000000.0
345,1.04488937239,0.711672644103,0.821587262876,0.601758025331,0.315914017312,9660000000.0
346,1.04902237929,0.714469270148,0.824824085504,0.604114454792,0.317129839707,9688000000.0
347,1.05316044957,0.717270963298,0.828066028864,0.606475897732,0.318350169055,9716000000.0
348,1.05729356886,0.720066974457,0.831302453369,0.608831495544,0.319564753987,9744000000.0
349,1.06143386448,0.722870347622,0.834546262397,0.611194432846,0.320786058356,9772000000.0
350,1.06557951168,0.72567863416,0.837795172318,0.613562096003,0.322011313153,9800000000.0
351,1.06972204539,0.728482627448,0.841040104807,0.615925150089,0.323231631429,9828000000.0
352,1.07387038987,0.731292217867,0.844290760396,0.618293675338,0.324456721193,9856000000.0
353,1.07801750525,0.734099874156,0.847539677445,0.620660070866,0.325679422154,9884000000.0
354,1.08216588645,0.736908376149,0.850789578323,0.623027173974,0.326902475582,9912000000.0
355,1.08631118866,0.73971334055,0.854036044343,0.625390636758,0.32812194924,9940000000.0
356,1.09045726667,0.742519083284,0.857283296412,0.627754870156,0.329342117051,9968000000.0
357,1.09460040059,0.745321686544,0.860527435282,0.630115937806,0.330559309009,9996000000.0
358,1.09874875579,0.74812974015,0.863777012983,0.632482467317,0.331781562622,10024000000.0
359,1.10289691721,0.750937118421,0.867026055959,0.634848180882,0.333002758505,10052000000.0
360,1.10704767731,0.753746724144,0.87027746438,0.637215983908,0.334225581339,10080000000.0
361,1.11119611784,0.756553450494,0.873526134349,0.639580766639,0.335445313255,10108000000.0
362,1.11534695033,0.759362487286,0.876777164738,0.641947809834,0.336667021131,10136000000.0
363,1.11950255945,0.762176146498,0.880032914673,0.644319378323,0.3378926907,10164000000.0
364,1.12365927972,0.764990207782,0.883289288709,0.646691126856,0.339118043907,10192000000.0
365,1.12780657871,0.767793911706,0.886535481429,0.649052341984,0.340333302604,10220000000.0
366,1.13195617335,0.770600467367,0.889784386,0.651416548735,0.341551624133,10248000000.0
367,1.13610914048,0.773410678712,0.893036898738,0.653784458686,0.342773463721,10276000000.0
368,1.14026249953,0.776220823529,0.896289485036,0.656152162023,0.343994808622,10304000000.0
369,1.1444204395,0.77903524079,0.899546484449,0.658523997131,0.345219657584,10332000000.0
370,1.14858082139,0.781851496411,0.902805527297,0.660897465525,0.346445566967,10360000000.0
371,1.15274139052,0.784667231542,0.906064261376,0.663270201708,0.347670341343,10388000000.0
372,1.15690381784,0.787484425531,0.909324592635,0.665644258427,0.348896032878,10416000000.0
373,1.16106454853,0.790299417781,0.912582853643,0.668015981918,0.350119287713,10444000000.0
374,1.16522661124,0.793115577892,0.915842345533,0.670388810251,0.351343424522,10472000000.0
375,1.16938521398,0.795927897342,0.919098072502,0.672757722183,0.352563786222,10500000000.0
376,1.17354549986,0.798741975616,0.922355554041,0.675128397191,0.353785782999,10528000000.0
377,1.17770697398,0.801557117961,0.92561414928,0.677500086642,0.355008607508,10556000000.0
378,1.18185730242,0.804360401395,0.928860977465,0.679859825325,0.356220214714,10584000000.0
379,1.18601615397,0.807173163833,0.932117093017,0.682229234649,0.357441154618,10612000000.0
380,1.19017945735,0.809990258444,0.935377624016,0.684602892871,0.358665831073,10640000000.0
381,1.19434307484,0.81280674728,0.938637825213,0.686975669348,0.359889095159,10668000000.0
382,1.19851248014,0.815628585097,0.941903567514,0.68935360268,0.361116696253,10696000000.0
383,1.20268212283,0.818449839643,0.945168972297,0.691730706989,0.362342999256,10724000000.0
384,1.2068555668,0.821274401399,0.948437871478,0.69411093132,0.363571772135,10752000000.0
385,1.21101895245,0.824087913365,0.951695906954,0.696479919776,0.36478978247,10780000000.0
386,1.21518950289,0.826909201959,0.954961614638,0.698856789279,0.366015285626,10808000000.0
387,1.21936051406,0.829730672889,0.958227592164,0.701233753613,0.367240686339,10836000000.0
388,1.22352974446,0.832549746447,0.961491336039,0.703608156855,0.368463370538,10864000000.0
389,1.22770104797,0.835370760991,0.96475708234,0.705984439642,0.369687654268,10892000000.0
390,1.23187706663,0.838196324213,0.968027477203,0.708365171223,0.370915822495,10920000000.0
391,1.23605221971,0.841020269665,0.971296467993,0.710744071338,0.372141838265,10948000000.0
392,1.24022421429,0.843840488107,0.974561866526,0.713119109689,0.373364001502,10976000000.0
393,1.24440102837,0.846665708753,0.977832264789,0.715499152717,0.374590784044,11004000000.0
394,1.24857893813,0.849491636289,0.981103496952,0.717879775626,0.375817825463,11032000000.0
395,1.25275870506,0.852318935528,0.984376264623,0.720261606433,0.377045624743,11060000000.0
396,1.25693827416,0.85514552418,0.987648471621,0.722642576739,0.378272305323,11088000000.0
397,1.26112044204,0.857974463527,0.990923130703,0.72502579635,0.379500839385,11116000000.0
398,1.26530570468,0.860806153419,0.9942006755,0.727411631337,0.380731490965,11144000000.0
399,1.26948911176,0.86363529962,0.997475860774,0.729794738465,0.381959228043,11172000000.0
400,1.27367396626,0.866465661531,1.00075234598,0.732178977078,0.383187825433,11200000000.0
401,1.27786073775,0.869297732277,1.00403062228,0.734564842275,0.384417743798,11228000000.0
402,1.28204691939,0.872128763859,1.00730798635,0.736949541366,0.385646311702,11256000000.0
403,1.2862332179,0.874959630521,1.01058527035,0.739333990693,0.386874465314,11284000000.0
404,1.29042439166,0.877795322992,1.01386744696,0.741723199024,0.388106860906,11312000000.0
405,1.29461816932,0.880633092806,1.01715188485,0.744114300764,0.389340602464,11340000000.0
406,1.29881335398,0.883471602997,1.02043727577,0.746505930219,0.390574368687,11368000000.0
407,1.30300464761,0.886305551295,1.02371826218,0.74889284041,0.391803443114,11396000000.0
408,1.3071988559,0.889142517455,1.02700226705,0.751282767857,0.393035297732,11424000000.0
409,1.31139325517,0.891979464694,1.03028631733,0.753672612057,0.394266936116,11452000000.0
410,1.3155795094,0.894807693551,1.03356173234,0.756053654762,0.39549028126,11480000000.0
411,1.31977102124,0.89764180889,1.03684290363,0.758440714153,0.396719455529,11508000000.0
412,1.32396383965,0.900477138434,1.04012533051,0.760828946353,0.39794962118,11536000000.0
413,1.32815741947,0.903312783439,1.04340821325,0.763217353625,0.399179643496,11564000000.0
414,1.33235270517,0.906149809596,1.04669259167,0.765607027523,0.400410584798,11592000000.0
415,1.33655128364,0.908989843587,1.04998009757,0.767999589608,0.401643928607,11620000000.0
416,1.34075065862,0.911830140531,1.05326803314,0.770392247923,0.402876999193,11648000000.0
417,1.34495121191,0.914671190061,1.05655686013,0.772785519992,0.404110334158,11676000000.0
418,1.34914723544,0.917507191438,1.05984074444,0.775173638435,0.405338690022,11704000000.0
419,1.35334340018,0.920343464791,1.06312486355,0.77756206603,0.40656741186,11732000000.0
420,1.35753598699,0.923176130347,1.06640534569,0.779946915002,0.407792898867,11760000000.0
421,1.361730851,0.926011353009,1.06968832631,0.782334379706,0.409020924458,11788000000.0
422,1.36592794093,0.92884875331,1.07297352268,0.784723983938,0.410250839558,11816000000.0
423,1.37012575736,0.931686487216,1.07625917695,0.787113797478,0.411480677863,11844000000.0
424,1.37432231208,0.934522551609,1.07954326926,0.789501833961,0.412708644938,11872000000.0
425,1.37852166139,0.93736137946,1.08283016409,0.791892594829,0.413939038459,11900000000.0
426,1.3827205533,0.940199416876,1.08611636244,0.794282471315,0.415168413069,11928000000.0
427,1.38692218297,0.943040017979,1.0894052053,0.796674830656,0.416399900776,11956000000.0
428,1.39112472125,0.94588115934,1.09269470738,0.799067611298,0.417631518667,11984000000.0
429,1.3953283235,0.948723002985,1.09598503038,0.801460975591,0.418863417084,12012000000.0
430,1.39952821068,0.951560677027,1.09927127909,0.803850074961,0.420091177901,12040000000.0
431,1.40372960712,0.954399986295,1.10255914183,0.806240830761,0.421320511707,12068000000.0
432,1.40793466833,0.957243006062,1.10585074056,0.808635271561,0.422553186686,12096000000.0
433,1.41214147454,0.960087331569,1.10914379391,0.811030869225,0.423786604799,12124000000.0
434,1.41634776456,0.962930588886,1.11243593733,0.813425240442,0.425018549106,12152000000.0
435,1.42055271515,0.965772195273,1.11572650802,0.815817882527,0.426248730188,12180000000.0
436,1.42476099453,0.968617204527,1.11902049508,0.818213913979,0.427482005961,12208000000.0
437,1.42897087514,0.971463530291,1.12231590016,0.820611160423,0.428716181278,12236000000.0
438,1.43317760142,0.974306143978,1.1256077251,0.823004562855,0.429946527561,12264000000.0
439,1.43738476494,0.977149187841,1.12889998705,0.825398388635,0.431177249442,12292000000.0
440,1.44159192347,0.979992218689,1.13219223838,0.827792198997,0.432407952136,12320000000.0
441,1.44579725086,0.982833257128,1.13548252576,0.830183988498,0.433636730851,12348000000.0
442,1.45000612781,0.985677987418,1.13877650057,0.832579474262,0.434868925899,12376000000.0
443,1.45421606351,0.988523499553,1.14207135067,0.834975648438,0.436101552736,12404000000.0
444,1.45842658551,0.991369224768,1.14536653082,0.837371918714,0.437334014347,12432000000.0
445,1.46263779334,0.994215378564,1.1486622232,0.839768533923,0.438566612449,12460000000.0
446,1.4668473212,0.997059570213,1.15195601936,0.842163121063,0.439797198591,12488000000.0
447,1.47105416691,0.999900971697,1.155247029,0.84455491439,0.441025202336,12516000000.0
448,1.47526263923,1.00274425139,1.15853985958,0.846948643202,0.442255114401,12544000000.0
449,1.47947098381,1.00558733987,1.1618325165,0.849342163249,0.443484796211,12572000000.0
450,1.48368167632,1.00843270789,1.16512749822,0.851737917553,0.444716438982,12600000000.0
451,1.48789236737,1.01127777424,1.16842226738,0.854133281096,0.445947528425,12628000000.0
452,1.49210396319,1.01412354457,1.17171780974,0.856529279402,0.447179052776,12656000000.0
453,1.49631301668,1.01696649551,1.175010588,0.858922403019,0.448407808131,12684000000.0
454,1.500524151,1.01981165809,1.17830556125,0.861317754928,0.449638653368,12712000000.0
455,1.50473616448,1.02265760249,1.18160135458,0.863713850401,0.45087010099,12740000000.0
456,1.5089504524,1.02550563599,1.18489931617,0.866111955809,0.45210322921,12768000000.0
457,1.51316142468,1.02834988451,1.18819359692,0.868506172086,0.453332547573,12796000000.0
458,1.51737387669,1.03119569107,1.19148942825,0.870901953885,0.45456332508,12824000000.0
459,1.52158839424,1.03404358117,1.19478735974,0.873299802599,0.455795971432,12852000000.0
460,1.52580157882,1.0368897928,1.19808370119,0.875695884413,0.457026797788,12880000000.0
461,1.53001270596,1.03973376312,1.20137783415,0.878089692088,0.458255457461,12908000000.0
462,1.53422434894,1.04257839483,1.20467259087,0.880484198786,0.459484843239,12936000000.0
463,1.53843824882,1.04542536695,1.2079696872,0.88288104669,0.460716388411,12964000000.0
464,1.54265278749,1.04827272546,1.21126725164,0.885278199272,0.461948037179,12992000000.0
465,1.54686820908,1.05112071126,1.21456552862,0.887675893904,0.463180000599,13020000000.0
466,1.55108485842,1.05396972794,1.21786490794,0.89007454793,0.464412693149,13048000000.0
467,1.55529697469,1.05681381349,1.22115942632,0.892468200668,0.465640624961,13076000000.0
468,1.55951311426,1.05966224366,1.22445823664,0.894866250668,0.466872723329,13104000000.0
469,1.56372966296,1.06251091186,1.22775734016,0.897264483563,0.468104870719,13132000000.0
470,1.56794594766,1.0653589943,1.23105595065,0.899662037957,0.469336191802,13160000000.0
471,1.5721598072,1.06820441779,1.23435194596,0.902056889623,0.470564927596,13188000000.0
472,1.57637671379,1.0710530884,1.23765116135,0.90445501545,0.471796739359,13216000000.0
473,1.58059348475,1.07390141868,1.24095009577,0.906852741591,0.473028054184,13244000000.0
474,1.58480534043,1.07674444519,1.24424378977,0.909245100618,0.474254286162,13272000000.0
475,1.58901527925,1.07958576764,1.24753569638,0.911635838897,0.475479205818,13300000000.0
476,1.59322879706,1.08243112913,1.25083154347,0.914030714782,0.476708152272,13328000000.0
477,1.59745564943,1.08529003172,1.25414101142,0.916439052018,0.477949329691,13356000000.0
478,1.60168970891,1.08815497694,1.25745694374,0.918853010151,0.479194771164,13384000000.0
479,1.6059264802,1.09102117017,1.26077458708,0.921267753256,0.480439931036,13412000000.0
480,1.61016474835,1.09388796171,1.26409311122,0.923682812207,0.481684768957,13440000000.0
481,1.61440329755,1.09675455679,1.26741158358,0.926097529999,0.482928978592,13468000000.0
482,1.61864136814,1.0996204259,1.27072939835,0.928511453446,0.484172308002,13496000000.0
483,1.62287859109,1.10248535009,1.27404628816,0.93092441202,0.485414705188,13524000000.0
484,1.627114775,1.10534924395,1.27736213412,0.933336353778,0.486656194931,13552000000.0
485,1.63134977943,1.10821204471,1.28067684893,0.935747240496,0.487896795272,13580000000.0
486,1.63558351683,1.11107372486,1.28399038635,0.938157063368,0.489136538749,13608000000.0
487,1.63981590582,1.11393424995,1.28730269715,0.940565802753,0.490375439368,13636000000.0
488,1.64404688226,1.11679359393,1.29061374328,0.94297344457,0.491613510164,13664000000.0
489,1.64827639942,1.11965174176,1.29392349984,0.945379983682,0.492850767879,13692000000.0
490,1.65250442258,1.12250868544,1.2972319505,0.947785420373,0.494087230779,13720000000.0
491,1.65673092818,1.12536442435,1.30053908761,0.950189761085,0.495322920115,13748000000.0
492,1.66095588467,1.12821894637,1.30384489295,0.952592999797,0.496557843585,13776000000.0
493,1.66517928265,1.1310722596,1.30714936931,0.954995149886,0.497792024994,13804000000.0
494,1.66940109749,1.13392435426,1.31045250226,0.957396206256,0.499025469778,13832000000.0
495,1.67362131378,1.1367752283,1.31375428562,0.959796170973,0.500258188801,13860000000.0
496,1.67783989464,1.13962485602,1.31705469,0.962195022054,0.501490169854,13888000000.0
497,1.68205681363,1.14247322125,1.32035369587,0.964592746635,0.502721408299,13916000000.0
498,1.68627206008,1.145320323,1.32365129928,0.966989346713,0.503951912454,13944000000.0
499,1.69048562659,1.14816616272,1.32694749897,0.96938482646,0.505181692041,13972000000.0
500,1.69469750448,1.15101073975,1.33024229182,0.971779187683,0.506410754095,14000000000.0
