,t=14.00Gyr,t=9.50Gyr
0,1.15300456688,0.696867513383
1,0.925689360533,0.560845758748
2,1.3735369111,0.829439936855
3,1.23877696287,0.748336317089
4,0.970280145276,0.588024617721
5,1.27245387162,0.768059399769
6,0.865852541474,0.525406840286
7,1.11712570425,0.675166009014
8,1.08099749971,0.653755395989
9,1.56761101087,0.944741901545
10,1.1229881217,0.679033119758
11,1.07038779572,0.64693634891
12,1.18122972361,0.713957349812
13,0.799498152854,0.48517444986
14,1.06348228614,0.643615225179
15,1.16112674424,0.701956526774
16,1.27781998636,0.771151401834
17,1.47103055353,0.887404676975
18,1.19532393553,0.723016536472
19,0.826919693124,0.500955740798
20,1.10317193156,0.667684934275
21,1.49489480134,0.90220680607
22,1.46867130175,0.886188910129
23,1.23824397349,0.747871278485
24,1.27941468967,0.772492576803
25,1.29420610546,0.781648099531
26,1.51269079108,0.912480354298
27,1.17247923694,0.707719582415
28,1.03346219435,0.625016459546
29,1.12469773592,0.679314470717
30,1.02208943699,0.617918162223
31,1.03323959858,0.625067230791
32,1.12258517721,0.678534215589
33,1.22270150485,0.738549772333
34,1.15053120347,0.695355894999
35,1.29477877588,0.78181814427
36,1.12213333237,0.6791622134
37,0.851783409248,0.516335575847
38,1.15135852447,0.695383130139
39,0.923283199149,0.559376990745
40,0.81079845123,0.491703697431
41,1.17761095692,0.712433329323
42,1.41441195345,0.853817242307
43,1.18776941332,0.716404312911
44,0.999487476545,0.60451315531
45,1.00437895281,0.607500883062
46,1.08034109388,0.65318094983
47,1.22846769457,0.74214839491
48,0.943701522359,0.571733839173
49,1.08256159844,0.654388106045
50,0.915538454431,0.554768349936
51,0.926834779485,0.561054817139
52,0.650369440381,0.395823760833
53,0.943111801982,0.570962315522
54,1.41744752224,0.855666744436
55,1.21241375466,0.732909031548
56,1.18287232655,0.714279203052
57,1.03002296863,0.623312858992
58,1.25853145259,0.760503355668
59,1.2929263694,0.780642470643
60,1.5674678947,0.944321272596
61,1.26886347957,0.766205844748
62,1.09247257649,0.660396098404
63,1.42768823066,0.861369508731
64,1.17732108714,0.711362173302
65,1.25783594808,0.759652101128
66,1.18438270053,0.715979370371
67,1.14236638687,0.690650192711
68,1.15605897952,0.697951034226
69,0.933649413551,0.566007713275
70,1.17331916521,0.708891702265
71,1.19906721192,0.723735718655
72,1.20131997005,0.725468662494
73,0.947568073929,0.573021147008
74,1.18653431724,0.71591452445
75,1.31218751824,0.791898185786
76,0.99084957391,0.599938919257
77,0.91228002249,0.553211421105
78,1.16247036835,0.702737559075
79,1.30598054145,0.788238349851
80,1.19303488625,0.720648588222
81,1.22397094439,0.739269586893
82,1.01383838123,0.612785823853
83,1.36621704119,0.824886941713
84,1.01270552083,0.612501412498
85,0.718440529114,0.436713946667
86,1.17248881364,0.708988019666
87,1.2750307734,0.769530405617
88,1.00955518431,0.610768972819
89,1.19904695438,0.724727429532
90,1.14120590009,0.689475736128
91,1.03140830728,0.624171172731
92,0.889922162399,0.539185979624
93,0.977461114228,0.591232708844
94,1.17101828244,0.707749312796
95,1.15747652425,0.699423333794
96,1.04349243884,0.63124640412
97,1.24295605435,0.750726093905
98,1.00755266959,0.609540018303
99,1.24567098787,0.752462268846
100,1.05938977257,0.640938901511
101,1.48906853888,0.898029186465
102,1.25234276643,0.755976239103
103,1.04095451404,0.629545371268
104,1.24948129524,0.754598142988
105,1.28255762528,0.774178572211
106,1.2212461839,0.737575723924
107,1.31304857968,0.793062534232
108,1.15308239831,0.696578790872
109,1.18771565522,0.717998646112
110,1.29738492619,0.78331328621
111,1.49488837668,0.901999818845
112,1.36199262038,0.822484969341
113,1.05688188723,0.638922313198
114,1.26080567472,0.762531329361
115,1.03186561092,0.624639302488
116,0.986405289504,0.597312655241
117,0.986448426322,0.596584368303
118,0.957624705176,0.579381272103
119,1.11684343149,0.675243166331
120,1.13211882059,0.683837541123
121,1.06609204696,0.645335200632
122,1.04317698289,0.631112140341
123,1.315713702,0.79372396633
124,1.1116234358,0.671328863314
125,1.36213116826,0.821439608621
126,1.20337046724,0.726807802501
127,1.14668556447,0.693342129069
128,1.23204637863,0.744572134279
129,1.06902702235,0.646020153484
130,1.15010581884,0.695836816362
131,1.14033976313,0.689126546678
132,1.37351947668,0.828719650468
133,1.17215893222,0.707909056362
134,1.38314294458,0.835299649852
135,0.972623769389,0.589383794761
136,1.08086623681,0.653130257445
137,1.05712089615,0.63892038123
138,1.0330733716,0.624728373233
139,1.0254867122,0.62017959599
140,1.22574740244,0.74083637962
141,1.10376977378,0.667278257618
142,1.2841250909,0.775572902379
143,1.04131994861,0.629864578926
144,0.878543112223,0.531565670252
145,1.24536186991,0.752131549784
146,1.30487599072,0.788436134483
147,1.35953600834,0.820987174328
148,1.29985376923,0.7848211744
149,1.31332849016,0.792940569344
150,0.754845839961,0.458749038273
151,1.20160809074,0.725202208627
152,1.20787084484,0.729866078721
153,1.2930193588,0.78099652395
154,1.01593760578,0.615292091989
155,1.26234650523,0.763071727307
156,1.39229864881,0.840611272157
157,1.04791949198,0.63348028839
158,1.09669075605,0.663012253401
159,1.25700946354,0.75856670728
160,1.37197273383,0.828502112579
161,1.088982067,0.658559419513
162,1.21474645797,0.733674308657
163,1.1387965469,0.688682501864
164,1.11361681377,0.672968775547
165,1.00084805033,0.605489691643
166,1.18861022563,0.717980533367
167,1.36314606301,0.822176266672
168,1.28852092907,0.778343226125
169,1.02002716362,0.616458377327
170,1.23979896356,0.749356156527
171,1.01027777341,0.611781236561
172,1.14693467467,0.693396432971
173,1.33846462241,0.808086370202
174,1.2400114321,0.749002063084
175,1.02632795303,0.621398178232
176,0.877981310353,0.531931497714
177,1.10825135534,0.669900004694
178,1.13535359149,0.685763189261
179,1.06090681651,0.642067248087
180,1.37873674511,0.831940930001
181,1.36827222712,0.8257761585
182,1.0810338627,0.653919019746
183,0.751583915082,0.456213573308
184,1.20352034693,0.727158380884
185,1.11227023612,0.672422286364
186,1.02448772771,0.61925438175
187,0.984157114292,0.595255754281
188,1.07093661776,0.647780007765
189,1.23848863032,0.748854703038
190,0.881627124493,0.534869468065
191,0.928252575739,0.562088658282
192,1.04072842506,0.628617606246
193,1.20848572749,0.729768429114
194,1.22933619898,0.742688618063
195,1.1805140649,0.713341570851
196,1.18231808945,0.714527740653
197,0.93419915737,0.566438677456
198,1.03880160317,0.628162055643
199,0.752849277213,0.457010697342
200,1.31692896425,0.7947016015
201,0.958447756207,0.580758797745
202,1.0243967154,0.619504495478
203,1.05558946762,0.638647411954
204,0.893846648159,0.540563953462
205,1.41474809058,0.852455931014
206,1.09180697394,0.66007625415
207,1.26624166315,0.764798617743
208,1.11354993699,0.672210209909
209,1.26832416484,0.766617960608
210,1.52891794675,0.922417292136
211,1.0662101017,0.644802353234
212,1.01284575054,0.613411268162
213,1.083312051,0.655413278715
214,1.42223685923,0.858030677172
215,1.16185598496,0.702684356565
216,1.00753124418,0.609300483772
217,1.09692354123,0.663615284145
218,1.18108323542,0.713307041928
219,0.922753486388,0.558881882186
220,1.36930423462,0.826350463178
221,1.25978580987,0.760933406541
222,1.19146620169,0.720387733162
223,0.983334361588,0.59558019644
224,1.15498647434,0.698200473856
225,0.857732538321,0.519795238729
226,1.0536954435,0.637412184316
227,0.810433211217,0.491177922804
228,0.885429219506,0.53651956214
229,0.950488946585,0.575630643189
230,1.10623579489,0.668705663981
231,0.964269744754,0.583911857557
232,1.2487491729,0.754069620787
233,1.45018902962,0.875298613708
234,1.05243307579,0.637066281609
235,1.100370346,0.66564027263
236,1.14782745712,0.693099527256
237,1.30901032324,0.78975533752
238,1.43089382266,0.86328368343
239,1.3676778488,0.825411725272
240,0.938524698845,0.568308954641
241,1.39578991399,0.842004866515
242,0.995129031377,0.601998063724
243,1.2621683867,0.762445739075
244,0.91144950595,0.551484869517
245,1.19242561778,0.720271867538
246,1.07117559134,0.64767468276
247,1.02134901291,0.618098772897
248,1.23916765808,0.749112514915
249,1.4616665399,0.882627055118
250,0.858118602605,0.520547446535
251,1.30050967743,0.785740596367
252,1.27269485773,0.768661634879
253,0.785754136195,0.477521081321
254,1.28897056393,0.778134423241
255,1.08515127904,0.656066300362
256,0.989045024148,0.599092660335
257,0.911926004348,0.552947013682
258,1.01001390725,0.610479432043
259,1.25474102244,0.758081356092
260,1.15784474374,0.699525506528
261,0.975569585431,0.590599554729
262,1.03489127001,0.625837754522
263,1.08986131403,0.658740431611
264,1.41856959427,0.856592688798
265,1.00498521706,0.608248242806
266,1.2470960703,0.753134046585
267,1.13327259928,0.684414010972
268,0.976151823136,0.590631272521
269,1.28284905586,0.774469484798
270,1.28296694192,0.774390290659
271,1.12961475024,0.682131671417
272,0.997321718067,0.602909988973
273,1.19919582035,0.724068743715
274,1.37490661222,0.829713063657
275,1.08190057354,0.654712390865
276,1.00350654249,0.60765073059
277,1.00623779103,0.608545726593
278,0.824560761408,0.499992344936
279,1.18850104068,0.718344225308
280,1.1458474456,0.692549662705
281,1.26527333432,0.764881917768
282,0.948726045744,0.575237250813
283,1.24436137638,0.751608461376
284,1.15228541944,0.696097591233
285,0.865966278465,0.524762023979
286,0.869712306481,0.527341504674
287,1.178940071,0.712496488624
288,1.09062639027,0.659341526944
289,1.18769089479,0.717826949385
290,1.47187773423,0.88830546407
291,1.06094600887,0.641973536519
292,1.22023312021,0.737319579981
293,1.05884470502,0.639813460102
294,1.31751828451,0.796271973785
295,1.52572691466,0.920212603922
296,1.21930553334,0.736478494516
297,1.10361510525,0.66740777275
298,1.32343958316,0.79919185165
299,1.30751620764,0.790110652731
300,0.985988490959,0.596797276403
301,1.11035049294,0.671566685098
302,1.30126426243,0.786262444265
303,1.21355585277,0.733624605493
304,1.51179860041,0.911819742291
305,0.830246502093,0.503448948118
306,1.24412746335,0.751138116535
307,1.12250757596,0.678283619204
308,1.56349046363,0.943862656032
309,0.975006867765,0.591282281198
310,1.03968691701,0.628678334143
311,1.01970945386,0.61721975426
312,1.05347743904,0.636559159565
313,0.897459336709,0.543930901757
314,0.92902816273,0.562239592636
315,1.08725192533,0.657330854773
316,0.851932852403,0.51650931912
317,1.04254229499,0.631024534785
318,1.17962045227,0.713486527371
319,0.948107495465,0.57335535572
320,0.978054183617,0.59193892725
321,1.12481509631,0.679139042145
322,1.43181860121,0.864046819444
323,1.07638581028,0.651495201587
324,1.12065536759,0.676853481053
325,1.11559305695,0.673797890161
326,1.39332067969,0.84115213341
327,1.49147677994,0.899587908028
328,1.12821913938,0.682154818358
329,1.15212401313,0.696544243155
330,1.22772922115,0.741135628579
331,1.31051434379,0.790340991566
332,0.996408923422,0.603855942708
333,0.999956830145,0.60520047754
334,0.897030901796,0.543514326503
335,1.49963912879,0.904810914105
336,1.12259071229,0.6777547308
337,1.022745547,0.617857054893
338,1.31764386816,0.795518443243
339,0.992657090649,0.60011702226
340,1.4691272254,0.88679203881
341,1.10202420353,0.666810929216
342,0.912660601684,0.552620414855
343,0.686262837376,0.416745643366
344,1.49545965253,0.901866184566
345,1.1471773167,0.693042028306
346,1.07652945953,0.650559935428
347,1.06392467195,0.644066002497
348,1.41045685907,0.850906410695
349,1.43121067274,0.863721626013
350,0.932507254972,0.56469963818
351,1.6599349407,1.00058345474
352,0.995497252722,0.602294360266
353,1.32294640402,0.799036982541
354,1.56599917787,0.944722757629
355,1.3017595772,0.785839229888
356,1.4327562573,0.864114682767
357,1.19770655992,0.722890213358
358,0.973827986128,0.589744737538
359,1.00663390683,0.608812099369
360,1.10747466972,0.670080944864
361,1.26476520698,0.763202071746
362,1.18079617841,0.713574373514
363,1.5234621612,0.918948764495
364,1.25096721345,0.755068016034
365,1.49767705526,0.902990106968
366,1.34933894501,0.814261577498
367,0.941144125163,0.569666309025
368,0.808488128325,0.49023838418
369,1.2127540987,0.733189886671
370,0.997981522969,0.604397346025
371,1.15959186699,0.700664720851
372,1.09804709528,0.663892015831
373,1.05631888411,0.638583771172
374,1.09039195668,0.659357318868
375,1.21577595773,0.734952443303
376,0.923552102978,0.560244286394
377,1.29638283743,0.782788881355
378,0.892757099871,0.540988409126
379,1.26938286748,0.767088240969
380,1.0088414685,0.609975801133
381,1.07519721068,0.649826106068
382,1.69410444023,1.01957854696
383,0.978943997737,0.592552198988
384,1.37990964567,0.833110504212
385,1.125718741,0.680588116516
386,1.42558274776,0.860237100816
387,0.928368218281,0.56251938981
388,1.19546205762,0.721844770909
389,0.812854833358,0.491600600161
390,1.45155212645,0.875767976174
391,1.24258334696,0.750771481902
392,1.22866014781,0.742055102173
393,1.14267925857,0.690262983753
394,0.996734724148,0.603509655699
395,1.1465172213,0.693051946542
396,1.20146941544,0.726272674853
397,1.28357162531,0.774460699417
398,0.758278009359,0.460275383176
399,1.09269953902,0.660563221502
400,1.05824429018,0.640185239815
401,1.15011370711,0.694809687492
402,1.18736181322,0.717378913389
403,1.48238966541,0.894282465239
404,1.19301597555,0.720481718729
405,1.3894683695,0.83840175234
406,1.28700925796,0.776793252575
407,1.35876247781,0.81951689687
408,1.21272263687,0.732760552985
409,1.55775433688,0.939129150044
410,1.1653623242,0.704947553576
411,0.910908315379,0.551020626414
412,0.898212089343,0.544214257101
413,0.764176654539,0.464232895038
414,1.20586904941,0.728768813408
415,1.13192963306,0.683414188463
416,1.07350372439,0.649008471097
417,1.17408617371,0.70970111975
418,0.901106354345,0.545538740831
419,1.18150719775,0.713631688928
420,1.33834451206,0.807709936364
421,1.18604739433,0.716420295941
422,1.40232373919,0.846236949106
423,1.17485854093,0.710086377639
424,1.35068832369,0.81522383335
425,1.10582471272,0.668752158654
426,1.03796945577,0.627881251914
427,1.42747452806,0.861546108879
428,0.925432370839,0.55968828756
429,1.34188329008,0.80999990225
430,0.910869094828,0.552223585133
431,0.92095120595,0.557336638755
432,1.17462428641,0.709262801308
433,1.15115716938,0.695494287608
434,0.965122190793,0.584322860052
435,1.20336806551,0.727385666467
436,1.13094912619,0.682867256094
437,1.32751412428,0.80124324563
438,1.46406107755,0.88288872332
439,1.33787976412,0.808107953445
440,1.07146352807,0.647665226059
441,1.19439817549,0.721395427062
442,1.15715841148,0.69991714486
443,1.06172714753,0.642413933005
444,1.18933553194,0.718957223373
445,1.20038035791,0.725575659746
446,1.31643246924,0.795199473981
447,0.873389179943,0.529326930707
448,1.10065540395,0.665782225617
449,1.23738323423,0.747589570052
450,1.13703046066,0.6873183903
451,1.14353314071,0.691421407829
452,1.4225963239,0.85759620077
453,1.2213914678,0.73756956013
454,1.2921991306,0.78057177076
455,1.62927467714,0.981862305376
456,1.22339844267,0.738645888909
457,0.948314674763,0.573874229551
458,1.09299140082,0.660448597908
459,1.17667318168,0.71181073257
460,0.896119730078,0.542916204191
461,1.20956205234,0.729975933987
462,0.880860004867,0.53360364538
463,1.31031494728,0.790907557695
464,1.01686866334,0.615024250108
465,1.24006003665,0.748790065104
466,1.11739003459,0.675099256132
467,1.15493609292,0.69818410931
468,0.932492672833,0.56513131299
469,1.22590427978,0.740965836281
470,0.989944089379,0.599703481844
471,1.44276498114,0.870281489093
472,1.45840688303,0.879634627193
473,1.21188822962,0.731920728128
474,1.09886522546,0.664078057167
475,1.54512634735,0.931053007831
476,1.23834391488,0.747172219683
477,1.24283766677,0.750325871065
478,1.16939826737,0.706765410676
479,1.43012104021,0.862822450879
480,1.18091344822,0.713721567107
481,1.07800709439,0.651887699663
482,1.3782843863,0.831844956827
483,1.22950475176,0.742096599412
484,1.15354685186,0.697289801379
485,1.20080578781,0.725926728577
486,1.14353175733,0.691168159298
487,1.09991895062,0.665575347407
488,1.13406544515,0.686076702397
489,0.736934166246,0.448037161093
490,1.14467955815,0.692443074354
491,1.15534540066,0.698975666382
492,1.12418582954,0.679413901991
493,1.58131904777,0.953028620486
494,0.850360144669,0.515463612747
495,1.27321894522,0.769144538202
496,1.00777419539,0.609148019756
497,1.40047192952,0.845364296202
498,1.27602855604,0.770429417359
499,0.828560420243,0.501951692556
500,1.10709526516,0.668028319006
501,1.19104777995,0.719865972764
502,1.18932585184,0.718445021391
503,1.14604258994,0.692609854924
504,0.929287620303,0.562879760102
505,1.17167986736,0.707866677151
506,1.17661654418,0.71113372749
507,1.58671986064,0.957384579598
508,1.10417613536,0.666852228252
509,1.05092118627,0.635427890432
510,1.17367910968,0.708835782197
511,1.09747987814,0.663799582169
512,1.2664629086,0.765082034272
513,1.0874162948,0.656942111652
514,1.16191816941,0.701954140387
515,1.28309957089,0.77487789775
516,0.737670794868,0.448566880877
517,1.3186724621,0.796291616597
518,1.22483424978,0.740360154973
519,0.940882556068,0.569221042476
520,1.06547849396,0.645433947421
521,1.38385470954,0.835735740975
522,1.35336383122,0.817204791265
523,1.09864124278,0.663923477449
524,0.917077390485,0.55583408796
525,0.744314221367,0.452269224545
526,1.00743005438,0.609819516546
527,1.1515336987,0.696536113214
528,1.33460602797,0.805784595774
529,1.10251869852,0.667400508131
530,1.3213581579,0.798054085749
531,1.05216566923,0.636424596648
532,1.1389610926,0.689052745874
533,1.18948795189,0.718755262737
534,1.28933805085,0.778538519651
535,1.31748513189,0.796017719784
536,1.08012292106,0.652781578492
537,1.07176565467,0.648557416425
538,1.38835064932,0.837933191506
539,1.09950646129,0.664637463899
540,1.2881815537,0.778239645124
541,1.03342199816,0.624829504046
542,1.21255875109,0.732801787752
543,1.33581124898,0.806426205829
544,1.26297894752,0.76303898951
545,1.05348777474,0.637772759696
546,1.09983651933,0.664246789758
547,1.19475930249,0.721895118
548,0.996376560361,0.603067873585
549,1.24495093647,0.751817654315
550,1.49969421439,0.90568832399
551,1.48319029118,0.894413724645
552,1.36550430768,0.824273576526
553,1.05251356762,0.636973876894
554,0.987187395098,0.597736202097
555,0.881781319857,0.533587433968
556,0.928404646977,0.562307428501
557,1.08003745423,0.652980804818
558,1.05791886727,0.640309984539
559,1.15252251221,0.696520138705
560,1.26994996272,0.76667383915
561,1.11961289366,0.676252891805
562,1.69469750448,1.02125285163
563,1.48836308386,0.898505887286
564,1.06040189504,0.641701003489
565,1.50825433378,0.909348772302
566,1.06394815026,0.643712258765
567,1.43583196499,0.865946886597
568,1.42983431156,0.86276231453
569,1.28552607431,0.7766785858
570,0.933968646036,0.564846742927
571,1.45724259048,0.879556216101
572,1.28639326863,0.776688303375
573,1.08628463625,0.656683902795
574,1.1855528646,0.716163469378
575,1.0438464836,0.631757898195
576,1.04278750424,0.631236968107
577,0.909266967852,0.550540981844
578,0.977193428039,0.59058827203
579,1.05652627568,0.639286858216
580,1.03486668251,0.626472942603
581,0.987664325035,0.597678497851
582,1.5105554952,0.911172080441
583,7.58746468814,7.41348744278
584,1.03035457493,0.623447844847
585,1.28687080518,0.777662216951
586,1.06419732423,0.643196853751
587,0.817315658623,0.495801055566
588,1.13379063968,0.685582697052
589,1.42050109177,0.855917616756
590,1.21984728422,0.736270074558
591,1.19199940304,0.720600839741
592,1.19143795193,0.720061892963
593,1.05992745355,0.640469973913
594,1.03119031164,0.624288766787
595,1.21196173521,0.732536020829
596,0.896903141531,0.544160176044
597,1.11450460714,0.673890471225
598,1.1552592684,0.697744897446
599,1.17725818697,0.711234635439
600,1.03449222845,0.625810989888
601,1.03807290558,0.628357385435
602,0.984047348333,0.595513081844
603,1.33536517427,0.805881625942
604,1.05125727445,0.635511111201
605,1.18370004548,0.715542090351
606,1.34873031418,0.81375932957
607,0.506410754095,0.308944425137
608,1.00269549364,0.606580595487
609,1.23887506698,0.748366852109
610,1.37732666931,0.831205903854
611,1.12356424567,0.679253914729
612,0.876969775502,0.531616109849
613,1.15330003768,0.696783599664
614,1.18173112568,0.714648429175
615,1.20193658853,0.726027923279
616,1.28657311871,0.776710663922
617,1.34531924072,0.811927696405
618,1.3278794862,0.802275855745
619,1.0237413279,0.619649394288
620,1.07673837606,0.651493698146
621,1.23830154464,0.74794399752
622,1.04016258059,0.628727990862
623,1.28836596492,0.777837187872
624,1.25296329967,0.756816048033
625,1.42730183537,0.861428811956
626,1.17709739676,0.711454899554
627,1.12778915635,0.681212583175
628,1.13291314347,0.684268648727
629,0.859114092433,0.520300000895
630,1.10358433679,0.667299187051
631,1.21841697028,0.73599735081
632,1.31798454103,0.795471830656
633,1.42012634813,0.857625229966
634,1.0714336653,0.648061601581
635,1.11121354443,0.672465442442
636,1.40920932021,0.850658461175
637,1.24655095776,0.753163217692
638,1.32197979628,0.798466224745
639,1.28009939856,0.773208869206
640,1.08016732746,0.653448490348
641,0.882593631397,0.535712417992
642,1.09264466238,0.661032234891
643,1.30934320501,0.791189726461
644,1.34013360528,0.809312366501
645,0.903943824824,0.547562593642
646,1.10461598234,0.667613523099
647,1.13456799415,0.685669542135
648,1.01369423312,0.61275762994
649,1.3447943687,0.812124834265
650,1.00824866685,0.61101438342
651,1.2874846048,0.778093098119
652,1.35921136062,0.820139426095
653,1.21288006746,0.732991309006
654,1.1850440842,0.71639909701
655,1.22859848204,0.742105057768
656,1.42951966622,0.863309408333
657,1.23857025755,0.748291795336
658,1.26831019798,0.765950957024
659,1.21303331736,0.732941297451
660,1.32550740665,0.800746975018
661,0.976744800251,0.591465989365
662,1.0141024226,0.613974324809
663,1.40837449811,0.849742661845
664,1.46203940498,0.882077583474
665,1.00939928978,0.611255468007
666,1.2240835235,0.73923643475
667,1.12815449667,0.682144332699
668,1.13144675992,0.683837585524
669,1.32143200068,0.79776207185
670,1.08067234538,0.653396317058
671,1.29851078297,0.783914614961
672,0.940400280788,0.569269293489
673,1.12984133454,0.683634648982
674,1.37433768151,0.828386413226
675,1.31433307559,0.7927107138
676,1.19531044629,0.722097820159
677,1.42693769933,0.861153534116
678,1.13860866005,0.688497202971
679,1.27892094647,0.772185978024
680,1.38580978122,0.836517131794
681,1.35760108851,0.819340038794
682,1.10482040215,0.668838540116
683,1.20135873872,0.725878815107
684,1.18614519158,0.716879159442
685,1.04288023766,0.63076894167
686,1.12057124263,0.67729835845
687,1.14395344326,0.691415295754
688,1.16922020282,0.70639157392
689,0.939904723552,0.568436815356
690,1.08263509337,0.654952968514
691,1.24909676966,0.754079143296
692,0.91474588502,0.554270620491
693,0.934853658929,0.56569555421
694,1.25037174324,0.755811952226
695,1.35054666496,0.814779196263
696,1.12536374039,0.680143902503
697,1.33637841949,0.806364815923
698,1.20438084412,0.728170999574
699,1.4173463142,0.856037018964
700,1.03872189425,0.628930752952
701,1.10489888614,0.668184801188
702,1.40299991786,0.846845359533
703,1.32200862704,0.79778411694
704,1.00331624297,0.607992865298
705,1.32695179347,0.801560736354
706,1.14113376942,0.6896935308
707,1.10061069465,0.665253722693
708,1.07462846353,0.650471083043
709,1.47927809433,0.892571930798
710,0.772593784067,0.468803942934
711,1.04442903179,0.631749535075
712,0.968936187033,0.586552536743
713,1.27860948981,0.772105435853
714,0.766172718743,0.465443921147
715,1.37653859258,0.830706839622
716,1.33388665782,0.805216175386
717,1.09507861938,0.662259227852
718,1.31367512017,0.793403086664
719,1.07359376047,0.650033212718
720,0.96067899397,0.58131429109
721,1.19626507846,0.722608274063
722,1.44074473098,0.868664780934
723,1.36440351828,0.823415616064
724,0.792113312307,0.480260269918
725,0.813094897246,0.493293697013
726,1.06581832117,0.643924417073
727,1.43945266017,0.868405293973
728,1.13123872445,0.684470133633
729,1.31335420613,0.792608840758
730,1.34655447736,0.813073078797
731,1.17885888903,0.712656392727
732,1.04468561448,0.631815047553
733,1.07911885438,0.652331173489
734,0.898997350195,0.544537043878
735,0.908238995559,0.550559937185
736,0.968840973289,0.587293312904
737,0.895720708652,0.543232321627
738,0.917761170216,0.555750434735
739,0.981748973621,0.594103007654
740,1.02660620815,0.621118541011
741,1.13376757489,0.685818291713
742,0.877368790045,0.532073954925
743,1.12600977671,0.681145936621
744,1.36542598572,0.824133312442
745,1.24657155691,0.752524738366
746,1.01219116605,0.612588739053
747,1.31035375682,0.790889162363
748,1.18994822483,0.719185505704
749,1.32072308469,0.796975382125
750,0.830288590249,0.503594606708
751,1.41822672931,0.856334964189
752,1.38917111089,0.838206873163
753,0.930013445335,0.563176189543
754,1.18678404776,0.717002978593
755,1.30555643217,0.788468216766
756,1.25778625841,0.759762360873
757,1.07717777343,0.651397458475
758,1.3458446793,0.812512557422
759,1.07955375181,0.65257408584
760,1.03115809207,0.624108393737
761,1.6108109417,0.970634356011
762,1.0963482419,0.662964066962
763,0.790161057156,0.480091301966
764,1.08280574942,0.655182032989
765,0.871478907311,0.528315275147
766,0.965364189399,0.584625923486
767,1.01155672265,0.612836637524
768,0.950683292008,0.575932198744
769,1.28946416031,0.778995535991
770,1.12599873926,0.680627572475
771,1.41140408946,0.851612442098
772,1.02926552593,0.623721448412
773,1.08699011337,0.656744207905
774,1.05769308283,0.639437934292
775,1.33056433907,0.80320567646
776,1.31762115265,0.796205597513
777,1.21162822881,0.731907858503
778,1.14691340301,0.693378879445
779,0.981626749843,0.593727350899
780,1.07447811206,0.650276421649
781,1.01435617087,0.613714801436
782,1.20394854415,0.728015947048
783,1.32650664414,0.800991709361
784,0.961296988286,0.582028472408
785,0.970470808752,0.587458408234
786,1.05709231915,0.639794299702
787,1.24904731553,0.75466860056
788,1.20738469353,0.729011109699
789,0.964999430741,0.584236683756
790,1.31605894251,0.795143343101
791,1.34122410702,0.809304673987
792,1.37742140342,0.831637028919
793,1.47236326494,0.888126282714
794,1.38799418277,0.838092824462
795,1.06179897231,0.641946300004
796,0.832163796927,0.504292444697
797,1.11310759713,0.673027568209
798,0.938278391616,0.567750228878
799,1.53885953604,0.927923641689
800,1.49672908369,0.903165838008
801,1.215651273,0.73432012778
802,1.06667431536,0.645324085581
803,1.18013085573,0.71214296885
804,1.24620073232,0.752672522853
805,1.10522323899,0.667718829114
806,1.31897579938,0.79507971332
807,1.35637211882,0.818905727256
808,1.37827923714,0.831386915226
809,0.835621764882,0.506616568105
810,1.17185776105,0.708063898106
811,1.23212251929,0.744458491466
812,1.12986063199,0.683000137584
813,1.17009401411,0.70688575504
814,1.108071205,0.669532009975
815,1.22054238681,0.737726053948
816,1.37376166291,0.828717819232
817,1.12626265919,0.680631070892
818,0.974429071803,0.589834866956
819,1.27549599476,0.770721052719
820,1.01981380622,0.616262144197
821,1.35355437976,0.816908241296
822,1.61502874991,0.973812402957
823,1.13109829314,0.683426494987
824,0.935629649071,0.566114054501
825,0.993372218703,0.600490340746
826,0.976029373971,0.590941160605
827,1.01720703838,0.615235411559
828,0.950136400299,0.5751027382
829,1.03475755194,0.625974473831
830,1.35447592433,0.817467023084
831,1.14861675751,0.693725654677
832,1.15369782773,0.69779254843
833,1.32516727874,0.801474725891
834,1.46226749,0.882643961737
835,1.13621998576,0.686692436906
836,0.955112729741,0.578747896622
837,1.10377926934,0.667611311384
838,1.27541428946,0.77030067915
839,1.01148088534,0.612133704341
840,1.11826526958,0.676096304854
841,1.26154855596,0.76178298471
842,1.30064184389,0.784689969625
843,1.28164886752,0.774361452205
844,1.15802829925,0.700710616533
845,1.21936265731,0.736323948219
846,1.11828971978,0.676308082613
847,1.15815665024,0.700463583329
848,1.27484075865,0.770457663395
849,1.39119298664,0.839345919661
850,1.24405922618,0.751535598922
851,0.771164041299,0.467908986451
852,0.971223342642,0.58876765817
853,1.09156986277,0.659941093447
854,0.790423497484,0.480259969849
855,1.13361984516,0.685328307661
856,1.39368454743,0.840796922667
857,1.40412961161,0.846743955286
858,1.28553061426,0.7761529076
859,1.38705247354,0.837719088119
860,1.16251474013,0.702622910961
861,1.11695535333,0.675864949791
862,0.981537030441,0.594117190282
863,0.816395178908,0.495001129884
864,0.921943546745,0.558644615123
865,1.26575413081,0.764320669334
866,0.986609092877,0.597213602426
867,1.09570726754,0.662694798971
868,0.927567221892,0.561835710325
869,1.25898819104,0.759947465019
870,1.02184635831,0.618095731716
871,0.877591241654,0.532093654569
872,1.06942185683,0.647069521473
873,1.23065306496,0.743901361779
874,1.03682441599,0.627208629708
875,1.13733877971,0.686776160316
876,1.42891134877,0.861168724139
877,1.14461308257,0.6917579508
878,0.983361055653,0.595718193792
879,1.13081021697,0.683652648488
880,0.954109584148,0.577448651516
881,1.18372187012,0.715660943099
882,1.01407821879,0.614292174894
883,1.3530543395,0.816369549886
884,1.24598123806,0.751256070278
885,0.821328128999,0.498555027798
886,0.799898405605,0.485083723672
887,1.19245214449,0.7206214966
888,1.22127237981,0.737622551742
889,1.15227205114,0.696363877223
890,1.33815942809,0.807456360649
891,1.00673185064,0.608716448763
892,1.10899136405,0.670757731666
893,1.16181476927,0.702020077721
894,0.989498984026,0.598658009127
895,1.22137466467,0.737933854368
896,1.28055467975,0.772676986789
897,0.832719633311,0.504869616413
898,0.880307208505,0.53319537296
899,1.11243547638,0.672871256741
900,1.19535193889,0.722812748828
901,1.31436249689,0.793541734622
902,0.897703685732,0.544470364141
903,1.37018382193,0.827126728373
904,1.27068256498,0.767580917737
905,1.34739338096,0.813185504074
906,1.08233518505,0.654612201784
907,0.873388607363,0.528640727474
908,1.15101019277,0.695045262157
909,0.970031620733,0.587786758984
910,1.29100959323,0.778682568382
911,0.901637773099,0.546055425761
912,1.24325467467,0.751073360986
913,1.00378908959,0.606993953846
914,0.806492113431,0.489133283655
915,1.32503314721,0.800179136826
916,0.899500051075,0.545272053193
917,0.758073849215,0.460260693501
918,0.890958282986,0.540222513118
919,1.42133201202,0.857233567266
920,1.26433503617,0.763679043538
921,1.24463237196,0.750823661834
922,1.13073735586,0.683688323493
923,1.11562592533,0.674339311542
924,1.32645720715,0.800421489053
925,0.919455521414,0.556387266538
926,0.984043746342,0.596258866994
927,0.998967559268,0.604260589428
928,1.05069489137,0.635770574188
929,1.22686275983,0.740823987537
930,1.0192115684,0.616687883156
931,1.22298427528,0.738127639225
932,0.960520028549,0.581674719739
933,1.38944070568,0.838328502534
934,1.28536260388,0.776795795289
935,1.11775214526,0.67553673205
936,1.09338767853,0.661471425087
937,1.34502134214,0.811228075336
938,1.07788071542,0.652156528723
939,0.92127447271,0.557447095256
940,1.30302701478,0.785901914522
941,1.0065771296,0.609902248423
942,1.2150281238,0.733679845749
943,0.853631777891,0.51740203256
944,1.10602796447,0.668745930175
945,1.16689469797,0.705102812581
946,1.15333061751,0.697439101734
947,1.11825300908,0.675887022912
948,1.32719431031,0.801861706278
949,1.3329552103,0.804346693311
950,1.01399495993,0.613878082419
951,1.33745943803,0.807382935985
952,0.926133482714,0.560839134347
953,1.35672938495,0.819377021481
954,1.34639022638,0.81202995246
955,1.02542224727,0.620007908731
956,1.37575535583,0.830463876347
957,0.987431557365,0.597466247192
958,1.18108082295,0.713834475628
959,1.29934873124,0.784530465646
960,1.15401396234,0.697372737095
961,1.32091314706,0.797510383683
962,1.20784605392,0.730173360036
963,1.28033366179,0.77345260682
964,1.30362293898,0.787276050968
965,1.12974063558,0.683032211022
966,1.13903404767,0.687968383772
967,1.44638178288,0.872560208782
968,0.968749083116,0.587043530457
969,1.03764371182,0.627995647373
970,1.27583086946,0.7702914952
971,1.36216784219,0.82199929678
972,0.982340853628,0.595027577577
973,1.06882949738,0.646202540487
974,1.13185290002,0.684485348707
975,1.13178901477,0.684225902274
976,0.888649288591,0.537886006302
977,1.00050517057,0.605471456273
978,1.25683576145,0.758700684257
979,1.22352283988,0.739177124409
980,1.27376502622,0.769292641114
981,1.08868781579,0.657946003538
982,1.394673268,0.841587613559
983,1.29939641264,0.784973183858
984,0.934623425478,0.565462705259
985,1.27474814141,0.769977863631
986,1.26637471823,0.765412629831
987,1.24292618137,0.751508184514
988,1.17207980177,0.707717703723
989,0.844355654421,0.511948181
990,1.45458981147,0.877568803285
991,0.794689544165,0.481705512178
992,0.912883720173,0.552713775895
993,1.25803005067,0.759812276374
994,0.904106251792,0.547351243443
995,0.882840570073,0.534690954598
996,1.46135084819,0.882013593705
997,1.09620086504,0.663313890076
998,1.34480386725,0.812409990199
999,1.46722985064,0.885427992727
1000,0.67710787283,0.411908592458
1001,1.12637257516,0.680885643997
1002,1.39749214436,0.843308720359
1003,1.12481190823,0.680202823506
1004,1.35736728354,0.819373996945
1005,1.2922963504,0.780198205042
1006,1.1507724426,0.695277650227
1007,1.10415283658,0.668353206525
1008,1.15087259178,0.696167036318
1009,1.11377684601,0.672561326861
1010,1.23484150579,0.746500539346
1011,1.46866529233,0.886057897573
1012,1.05330573644,0.636719997267
1013,1.5446786148,0.930834798787
1014,1.28763339723,0.777711669223
1015,1.25783411922,0.759801856089
1016,1.15950448509,0.701046404957
1017,1.11639256889,0.674500513138
1018,1.05217774505,0.636454730311
1019,1.06300695717,0.643142304989
1020,1.11110815187,0.672166701719
1021,1.28625273836,0.776547125774
1022,1.29672682801,0.782719796075
1023,1.10254217316,0.666658516801
1024,1.11627507756,0.674312799699
1025,0.91877292377,0.556590385462
1026,1.05067310385,0.635949238238
1027,1.48467372315,0.895688288204
1028,0.988909485764,0.598799295807
1029,1.1821704534,0.714103381753
1030,1.16053138654,0.701364389172
1031,1.05946570766,0.640981395263
1032,1.1513196196,0.695577921711
1033,1.2280777994,0.742003124481
1034,1.33016975253,0.802880059974
1035,1.00957163912,0.610825409627
1036,1.02448120275,0.620191877114
1037,0.610973833689,0.372183254395
1038,1.04838845692,0.634338722585
1039,1.29534190646,0.782131580815
1040,1.32726627031,0.801467295894
1041,1.21625077072,0.735621581009
1042,1.2077932903,0.730205451044
1043,1.1157536162,0.674795111847
1044,1.0656048726,0.644728973109
1045,1.36694850218,0.824809861534
1046,1.38380408179,0.835189748613
1047,1.29767114685,0.784104113383
1048,0.992612623571,0.601522379009
1049,1.26971778559,0.766860404735
1050,0.89008591377,0.539943812816
1051,1.16618634824,0.705098121589
1052,1.08116556804,0.654189052609
1053,1.15022912895,0.695636044662
1054,1.29595150584,0.782811102807
1055,0.815391800993,0.49472524701
1056,1.17085778628,0.706860549153
1057,1.21477605871,0.734102106498
1058,1.36069810242,0.821971356081
1059,0.925758641135,0.560106271957
1060,1.26101033488,0.761717000005
1061,1.17824298407,0.712324616913
1062,1.22476822155,0.739902296836
1063,1.11423602421,0.674147837153
1064,1.0051409372,0.607196884294
1065,1.07377232135,0.64875363775
1066,1.03659051291,0.625916424558
1067,1.26358742718,0.762835213308
1068,1.04134435756,0.630068759352
1069,1.32589919353,0.800414803314
1070,1.07903163938,0.652065080566
1071,1.2916607692,0.779850192242
1072,1.20022209677,0.725192954348
1073,1.12943127451,0.682123966427
1074,1.32365229833,0.799367386172
1075,1.22248388705,0.738445824125
1076,1.44617154516,0.872159822424
1077,1.12344856489,0.67920383314
1078,1.1485513389,0.694251516538
1079,0.983399554485,0.595303734165
1080,1.17425899165,0.709163042119
1081,1.13618741056,0.687270612109
1082,1.11717721937,0.676068204314
1083,1.01762803059,0.616276112237
1084,1.11771871654,0.675667973716
1085,1.1455365726,0.692091441816
1086,1.35929380935,0.820308306318
1087,1.04580257231,0.632386343158
1088,1.17418427754,0.709731654634
1089,1.06605469037,0.644505194735
1090,1.11101817167,0.671588235399
1091,1.42439512783,0.859231854906
1092,1.20326284509,0.727021519981
1093,1.04415578245,0.631879517884
1094,1.28368733467,0.775388136614
1095,1.15225582306,0.696930331515
1096,1.16527939336,0.703769847899
1097,0.941705302023,0.569670562896
1098,1.06351534548,0.643125686942
1099,0.881998937985,0.534127527433
1100,1.38532067504,0.83613872743
1101,0.962492876458,0.58241531621
1102,0.967951813226,0.586073003284
1103,0.782108423874,0.474747064408
1104,1.41343951518,0.852712248712
1105,1.31774211056,0.795574303092
1106,0.944764091675,0.572136720497
1107,1.25395184729,0.756799854109
1108,1.45496667819,0.877703322399
1109,1.01303987075,0.612847911163
1110,1.04839360274,0.63440851675
1111,0.908062425609,0.549345296725
1112,1.42612624337,0.860105752625
1113,1.35884264165,0.820188105366
1114,1.01800335232,0.616273218746
1115,1.27793289604,0.771421050827
1116,1.24942167236,0.754876680598
1117,1.09004626059,0.658726660726
1118,0.833894417003,0.506141587279
1119,1.52365077705,0.919558204553
1120,1.21831876255,0.736723050953
1121,0.962110903531,0.583138788947
1122,1.40287088351,0.846385929565
1123,1.42772781889,0.86188118033
1124,1.31087607807,0.791194133365
1125,1.2437447149,0.750847479503
1126,0.938572330473,0.568209601949
1127,1.46590497759,0.884687644618
1128,0.937686536364,0.56842907927
1129,0.96333107215,0.583318773054
1130,0.979650804861,0.593049746545
1131,0.954996632214,0.578427716727
1132,1.13969212865,0.688607239074
1133,1.20896173129,0.730413338897
1134,1.14894805018,0.693948619199
1135,1.08718465085,0.656887094564
1136,1.22472741671,0.741154369478
1137,1.25375544914,0.757091576904
1138,1.53238426349,0.924622251537
1139,1.29390409329,0.781600561781
1140,1.07574168948,0.650746855009
1141,0.77385782632,0.469892421776
1142,0.894834555251,0.542271642139
1143,1.41344250261,0.852386975019
1144,1.15585829897,0.699348493533
1145,0.847553034782,0.513134553787
1146,1.50878939617,0.909563414706
1147,1.32520262747,0.800192940086
1148,1.43963253188,0.868528515127
1149,0.96302198446,0.58362338823
1150,0.985530225725,0.596928367585
1151,1.01855064679,0.615819787562
1152,1.42813240084,0.861710831467
1153,1.23999813742,0.748991092189
1154,1.19104232369,0.719836259528
1155,1.1863762402,0.716389134336
1156,1.1046430129,0.667522380801
1157,1.25891561506,0.760568263265
1158,1.23464419742,0.745026762717
1159,0.973527249612,0.589446145485
1160,0.863787079724,0.523460379131
1161,0.987338230901,0.598019500547
1162,1.32075416404,0.797480032208
1163,1.11515186953,0.674535525318
1164,1.08853992516,0.658008000859
1165,0.960044511685,0.581070548992
1166,1.44441835178,0.871847551757
1167,1.02481249679,0.620172820109
1168,1.12211616395,0.678442146482
1169,1.1537005171,0.697315764543
1170,0.74043462571,0.449660196745
1171,1.37645969787,0.830994684604
1172,1.26156746672,0.761949854234
1173,1.09110579367,0.659785035498
1174,1.50762527241,0.909031350406
1175,1.01824859541,0.616394921468
1176,1.16258442585,0.702781259062
1177,1.16815257886,0.706468566737
1178,0.983796117531,0.595797372307
1179,1.12810223054,0.681831447823
1180,1.13263538879,0.685269724601
1181,1.02837913026,0.621941221604
1182,0.933250500329,0.565277676301
1183,1.4087813695,0.850330522918
1184,1.04810671417,0.634222194965
1185,1.38043480992,0.834274984667
1186,0.966364645361,0.585965807256
1187,1.1270434135,0.682066972338
1188,1.56427564128,0.942619790326
1189,1.21226922305,0.732083863348
1190,1.1073504908,0.669638126935
1191,1.13773614896,0.687804930284
1192,1.23343213054,0.745312298818
1193,1.06871130142,0.646757960921
1194,1.37461399077,0.829446378955
1195,0.924170248554,0.560114034417
1196,0.926188863015,0.561479806984
1197,1.07685246735,0.651446667508
1198,1.07900814373,0.652028044299
1199,1.52099327445,0.917239154875
1200,1.07650255891,0.651256241451
1201,0.936809319922,0.567117782871
1202,0.921040455533,0.557296840226
1203,0.958057127157,0.580043160168
1204,0.743061598743,0.45118764821
1205,1.21831666347,0.735612048395
1206,1.16761073917,0.705643275158
1207,1.37106379211,0.827827677358
1208,1.04447723893,0.632288487757
1209,1.16939602356,0.706839191112
1210,1.12752308854,0.681978759437
1211,1.54266079446,0.930631894407
1212,1.15991695774,0.700479196406
1213,1.08732359475,0.656883262165
1214,1.29070843481,0.779518109371
1215,1.27395128782,0.76884128945
1216,1.06240589052,0.642086621817
1217,1.08143815969,0.654277860106
1218,1.13171977949,0.684246921806
1219,1.03503592526,0.625813424477
1220,1.29724195086,0.783548251331
1221,1.19727368933,0.72379353893
1222,1.20406935266,0.727308897347
1223,1.29991330797,0.784769463516
1224,0.803930461513,0.486626097518
1225,0.950666544952,0.575628455997
1226,0.798154321319,0.48435543032
1227,0.946261004534,0.573359381788
1228,1.19548015142,0.722540390712
1229,1.32571721631,0.800390687428
1230,1.17317498807,0.709100464911
1231,1.38845994237,0.838073802583
1232,1.14842148561,0.693690567889
1233,1.44980189666,0.874399302129
1234,1.05864952529,0.639649874826
1235,1.07835594679,0.653289888429
1236,1.25258825971,0.755901504945
1237,0.650132449131,0.395565166654
1238,1.18432725423,0.715278137561
1239,1.14771705934,0.693386586313
1240,0.967723871847,0.586114321166
1241,0.870386296653,0.528033825462
1242,1.03114338629,0.623839109313
1243,0.921155034592,0.557726694126
1244,1.2871296452,0.777220336227
1245,0.966164941468,0.58497409904
1246,0.943526757969,0.571624916903
1247,1.01113415399,0.611943378912
1248,1.20807879534,0.730138524226
1249,1.05157788868,0.635959723161
1250,1.12324276059,0.679518046717
1251,1.39300832789,0.840617060189
1252,0.999248763592,0.604036328457
1253,1.14508668244,0.692350455482
1254,1.13837607793,0.687785933729
1255,1.23329189846,0.745322631477
1256,1.19139615262,0.719775292852
1257,0.928600919474,0.562234934971
1258,1.25162792914,0.756092248025
1259,1.24665437975,0.753198141078
1260,1.16189407041,0.702388046077
1261,1.10606143152,0.668670183707
1262,0.883141164905,0.534575974363
1263,1.18829616422,0.718149948589
1264,1.2365992302,0.746866970437
1265,0.803447841097,0.487483326932
1266,0.999536890849,0.604110224306
1267,1.11386763796,0.673579129128
1268,0.93197030543,0.563558206268
1269,0.924825940023,0.561139162481
1270,0.814867939141,0.493992944064
1271,1.04577938781,0.632745371405
1272,1.17998475692,0.713308151924
1273,1.18956320205,0.719447627128
1274,0.979484405958,0.59277629486
1275,0.847673397377,0.513508674652
1276,1.1807999439,0.713779166448
1277,1.19246499391,0.721035471096
1278,0.933331586557,0.564858023139
1279,1.23103275908,0.743584421701
1280,1.13347174277,0.685642237112
1281,1.28748417648,0.777336424045
1282,0.815785357449,0.494959255056
1283,1.19500541213,0.72159399616
1284,0.984219720425,0.596492319903
1285,1.16606258883,0.704441358924
1286,1.32664211161,0.801078287708
1287,1.00751711028,0.609281257145
1288,1.4405131722,0.869255227812
1289,1.06012868082,0.641498234126
1290,1.04793085336,0.635075416298
1291,1.25519393219,0.75764835951
1292,1.21735653409,0.735500429163
1293,1.31337364878,0.792776149167
1294,1.26201212548,0.762089894613
1295,1.16997484183,0.707165573301
1296,1.05916344323,0.640500025387
1297,1.05618799991,0.638609380965
1298,0.893990710434,0.542175307847
1299,1.28893612549,0.778080793552
1300,1.21409899791,0.733719864395
1301,1.38584783434,0.83606953045
1302,1.31215975717,0.791371063289
1303,1.14815043382,0.693592946876
1304,1.38767973632,0.837707286835
1305,1.17846550464,0.712356978881
1306,1.1844110322,0.715448114763
1307,1.22503511406,0.739820010775
1308,1.38428199875,0.835458076784
1309,1.12111291753,0.677851238612
1310,0.877814098113,0.531460731498
1311,1.01514991898,0.612829436743
1312,1.21118904554,0.731268122799
1313,1.11523465722,0.673991222709
1314,1.14011552153,0.688197785078
1315,1.49658646937,0.903224626201
1316,1.06299566598,0.642432130192
1317,1.5646341135,0.944377825105
1318,1.08256029922,0.653908030796
1319,1.43070892044,0.863257153863
1320,1.30554690327,0.788662038938
1321,1.04572544987,0.632756324818
1322,1.13731218755,0.686802116448
1323,0.943444585494,0.571070541088
1324,1.13690224448,0.687202500833
1325,1.3948341987,0.842022943349
1326,0.918621147221,0.556134877989
1327,1.04884500129,0.634861689326
1328,0.994840708629,0.601694589292
1329,1.25279002339,0.757076429861
1330,1.20442099191,0.727573862647
1331,1.26779841738,0.765831159091
1332,1.56261514986,0.942560492973
1333,1.10167818875,0.66568587857
1334,1.18769006452,0.717675000149
1335,1.1737311212,0.709635023279
1336,1.24399625886,0.750475210139
1337,1.11086221173,0.671336003417
1338,1.24737574733,0.75316315319
1339,1.05935579371,0.640920946042
1340,1.06728317503,0.645529036158
1341,1.63591822102,0.986361403809
1342,1.49643967431,0.903002646794
1343,0.970380363342,0.587376208625
1344,1.06220420444,0.64300929033
1345,1.26714564185,0.766502595641
1346,1.41765120551,0.855254979915
1347,0.941922213852,0.57075966652
1348,0.996953693425,0.604151706887
1349,1.07688362522,0.650705974323
1350,1.52693617781,0.921109656602
1351,0.99601846006,0.602734549707
1352,0.989653022463,0.598752349238
1353,1.10652739602,0.669173192224
1354,1.57764658355,0.952140976923
1355,0.768337303717,0.466347783004
1356,1.01450130411,0.613874903944
1357,1.40125196682,0.846184465177
1358,1.38742068237,0.837770830628
1359,1.18661386496,0.716812120745
1360,1.24249211294,0.750544930589
1361,1.17047272035,0.706920949418
1362,1.55706713106,0.939167117908
1363,1.28632176474,0.776730140474
1364,1.05545376754,0.639584195693
1365,1.16810110987,0.705720194758
1366,0.809217636239,0.490724411833
1367,1.05300027693,0.636525913737
1368,0.93887960135,0.568977462828
1369,0.779509772102,0.473074072323
1370,1.23248023068,0.744526782091
1371,1.04647868018,0.632787967463
1372,1.48702709294,0.896747937001
1373,1.02734521934,0.622035950513
1374,1.27718808438,0.770604739656
1375,0.9673492029,0.585752198344
1376,1.09303825452,0.661369636138
1377,0.99494218967,0.602101029255
1378,1.37268339222,0.828735604944
1379,1.04767890353,0.634113705306
1380,1.15582841938,0.698239776932
1381,1.11211989462,0.672956222148
1382,1.12183981171,0.678730917147
1383,1.01704928126,0.615962392359
1384,0.865790992701,0.524266947887
1385,1.39493408826,0.841702002119
1386,0.986102862349,0.597189142945
1387,1.27650072935,0.770566952338
1388,1.38556474374,0.836239292527
1389,1.19691287373,0.724126057717
1390,0.942451166976,0.570873466791
1391,0.937545994119,0.568479492996
1392,0.982412710503,0.594711235314
1393,1.31390800024,0.793393575857
1394,1.04110869973,0.629521342705
1395,1.16040508692,0.701260165555
1396,1.32849200592,0.80169725315
1397,1.10630014627,0.66934113434
1398,1.10432970133,0.667780652308
1399,1.2980989568,0.78377645761
1400,1.25720491937,0.75945910927
1401,1.24960026434,0.753990418075
1402,1.04452745345,0.631402171856
1403,0.845916344463,0.512925985725
1404,1.42967950975,0.863012730889
1405,1.36399052015,0.822772277891
1406,1.22312953342,0.739860991765
1407,1.19736602578,0.722962150991
1408,0.873830751148,0.529822415071
1409,0.938182785832,0.568273869551
1410,1.19233101793,0.721706444294
1411,1.00031582229,0.605600085054
1412,1.20523997507,0.72777069216
1413,1.16987376984,0.706930903573
1414,1.27751319884,0.771150344827
1415,1.0373788928,0.628263682561
1416,1.07644322702,0.650473649101
1417,1.09685730666,0.662877417104
1418,1.00396236211,0.607459636763
1419,1.30071527611,0.785582519335
1420,1.17815427071,0.712074934959
1421,1.14701178361,0.693460064079
1422,1.18987957022,0.718876744354
1423,1.29257462447,0.780503471506
1424,1.06411134584,0.643738523356
1425,1.16673139386,0.704136099673
1426,1.16977226963,0.705939559815
1427,1.12939223117,0.682293433082
1428,1.24016844777,0.7491568446
1429,1.11179960882,0.672180142291
1430,1.12240858478,0.679447338869
1431,0.716367529687,0.435568007349
1432,1.02045098656,0.61743586625
1433,1.08416957179,0.655687289121
1434,0.988469524599,0.599179951036
1435,1.33370882878,0.805321536134
1436,1.18984466247,0.718494988477
1437,1.1701102119,0.706798278886
1438,1.01761857286,0.615562408334
1439,1.24251003381,0.750433665585
1440,0.901215018415,0.545225040405
1441,0.858828115703,0.520522844752
1442,0.730305301569,0.443560260456
1443,1.13715802406,0.687799296079
1444,1.25873436202,0.760822062577
1445,1.43664791736,0.866267268534
1446,0.966175335879,0.585035619087
1447,0.67144825242,0.408145804997
1448,1.17747418787,0.711236406584
1449,1.06446735257,0.643543216069
1450,1.47034491065,0.887292670447
1451,1.29293440676,0.779691096896
1452,1.01686653829,0.615652763785
1453,1.00369422353,0.607992165938
1454,1.33274516481,0.804223783239
1455,1.17569350803,0.709817394111
1456,1.10477666524,0.667761246549
1457,1.07225477092,0.648113960539
1458,1.12196452093,0.677865737908
1459,1.28781711686,0.777182587756
1460,1.2882144594,0.777964271023
1461,1.2630694551,0.762357356524
1462,1.19484479068,0.721360607057
1463,1.11746800845,0.676096396464
1464,1.29430016705,0.781423191741
1465,1.23928133106,0.748601262311
1466,0.846312367578,0.512884711644
1467,1.06168136036,0.642560186986
1468,1.25495896871,0.757857836422
1469,1.27172965245,0.767814716986
1470,1.08005534519,0.653784663231
1471,1.33067550172,0.802767984564
1472,1.1932024945,0.720610425284
1473,1.14663280082,0.693374220062
1474,1.31996988331,0.796706782875
1475,1.36504549188,0.823819325268
1476,1.47080674449,0.886942670032
1477,0.877929656005,0.53168214441
1478,1.18947393517,0.719096645678
1479,0.842138421429,0.510128583666
1480,1.4598303208,0.88131347523
1481,0.94110785508,0.570246477326
1482,1.00977737346,0.611176700527
1483,1.20337953126,0.727546392292
1484,1.39183805564,0.839928658126
1485,0.751099194179,0.456201821669
1486,1.24995409544,0.754559720449
1487,0.948256238635,0.574418458744
1488,0.966008409983,0.584907954515
1489,1.08249924794,0.655087932379
1490,1.23224117265,0.744858933667
1491,1.18056310611,0.713306408038
1492,1.23058493123,0.743542608916
1493,1.21419117665,0.733392560092
1494,1.23990307722,0.749517704162
1495,0.896937326607,0.542907682879
1496,1.5467874398,0.932675863956
1497,1.11369198131,0.674082090307
1498,1.18895053734,0.718110097633
1499,1.1252395831,0.679801945179
1500,1.01636631212,0.615176945685
