HIP	HD	2MASS	Fe	Eu	EuII	
7599 	10180 	01375356-6030414 	0.05 	-0.06 		
57291 	102117 	11445043-5842134 	0.265 	0.38 		
57443 	102365 	11463107-4030013 	-0.31 	-0.11 		
7978 	10647 	01422932-5344271 	-0.03 	0.062 		
8102 	10700 	01440402-1556141 	-0.52 	-0.025 	0.075 	
60644 	108147 	12254627-6401195 	0.17 	0.349 		
64408 	114613 	13120320-3748110 	0.16 	-0.18 		
64459 	114729 	13124426-3152239 	-0.29 	-0.12 		
64457 	114783 	13124377-0215540 	0.095 	0.19 	0.51 	
64924 	115617 	13182443-1818387 	-0.02 	0.34 	0.17 	
65808 	117207 	13292114-3534154 	0.217 	0.19 		
66047 	117618 	13322555-4716168 	-2.498e-16 	-0.0115 		
68162 	121504 	13571724-5602242 	0.12 	0.214 	0.34 	
72339 	130322 	14473273-0016533 	0.033 	0.305 	0.185 	
74500 	134987 	15132869-2518335 	0.26 	0.255 	0.3 	
77740 	141937 	15521753-1826098 	0.1 	0.75 	0.275 	
1499 	1461 	00184182-0803105 	0.18 	0.505 	0.39 	
80337 	147513 	16240128-3911346 	0.04 	0.11 		
86796 	160691 		0.27 	0.075 		
12048 	16141 	02351994-0333376 	0.13 	0.49 	0.175 	
12186 	16417 	02365859-3434404 	0.1 	0.15 		
90004 	168746 	18214978-1155215 	-0.11 	0.39 	0.09 	
90485 	169830 	18274949-2949007 	0.16 	0.128 	0.28 	
12653 	17051 	02423346-5048008 	0.175 	0.0595 		
93858 	177565 	19065247-3748380 	0.065 	0.065 		
94645 	179949 	19153322-2410455 	0.196 	0.27 		
95467 	181433 	19250951-6628075 	0.38 	0.54 		
99825 	192310 	20151734-2701585 	0.02 	0.19 	0.24 	
101806 	196050 	20375169-6038041 	0.2125 	0.055 		
14954 	19994 		0.21 	0.441 	0.37 	
104903 	202206 		0.3 	0.74 	0.71 	
106006 	204313 	21281220-2143340 	0.16 	0.11 	0.07 	
15527 	20782 		-0.058 	-0.04 		
15510 	20794 	03195563-4304112 	-0.39 	-0.1 		
108375 	208487 	21571986-3745489 	0.05 	0.106 		
108859 	209458 	22031077+1853036 	0.01 	0.0355 	0.155 	
109378 	210277 		0.21 	0.585 	0.49 	
110852 	212301 	22273094-7743044 	0.15 	0.205 		
111143 	213240 	22310039-4925597 	0.135 	0.1405 		
113044 	216435 	22533792-4835539 	0.21 	0.156 		
113238 	216770 	22555369-2639313 	0.23 	0.79 	0.9 	
114699 	219077 	23140661-6242002 	-0.16 	-0.17 		
16537 	22049 	03325591-0927298 	-0.09 	0.09 	0.25 	
116084 	221287 	23312032-5812350 	0.01 	0.027 		
116906 	222582 	23415154-0559086 	0.004 	0.03 	0.23 	
17096 	23079 	03394311-5254570 	-0.145 	-0.1885 		
2350 	2638 		0.09 	0.25 		
20723 	28185 	04262631-1033028 	0.21 	0.46 	0.45 	
26394 	39091 	05370988-8028090 	0.06 	-0.0405 		
3479 	4208 	00442661-2630566 	-0.265 	0.63 	0.02 	
3497 	4308 	00443925-6538581 	-0.33 	-0.07 	-0.06 	
31540 	47186 	06360878-2737200 	0.208 	0.22 		
33719 	52265 	07001803-0522017 	0.2 	0.223 	0.47 	
38558 	65216 	07534133-6338502 	-0.16 	-0.08 		
40693 	69830 	08182389-1237541 	-0.03 	0.25 	0.26 	
40952 	70642 	08212815-3942199 	0.16 	0.05 		
42030 	72659 	08340320-0134056 	-2.498e-16 	0.33 	0.14 	
5806 	7449 	01142933-0502504 	-0.14 	0.015 	0.09 	
43177 	75289 	08474038-4144119 	0.27 	0.1375 		
47007 	82943 	09345074-1207462 	0.255 	0.35 	0.22 	
47202 	83443 	09371182-4316198 	0.33 	-0.09 		
52409 	92788 	10424853-0211011 	0.29 	0.61 	0.41 	
8928 	11977 		-0.2 	-0.11 		
3093 	3651 	00392187+2115024 	0.16 	0.175 	0.66 	
7513 	9826 	01364784+4124200 	0.1 	0.155 	0.44 	
10138 	13445 	02102587-5049258 	-0.23 	0.14 		
37826 	62509 	07451891+2801340 	0.11 	0.2 	0.29 	
43587 	75732 	08523579+2819509 	0.35 	0.43 	0.77 	
53721 	95128 	10592802+4025485 	0.027 	0.05 	0.28 	
114622 	219134 	23131692+5710059 	0.05 	0.135 	0.6 	
116727 	222404 	23392083+7737563 	0.17 	0.4 	0.41 	
1931 	2039 	00242028-5639001 	0.32 	0.247 	0.46 	
22336 	30562 	04483633-0540258 	0.2 	0.165 	0.09 	
64426 	114762 	13121982+1731016 	-0.7 	-0.54 	-0.53 	
64792 	115383 	13164653+0925269 	0.11 	0.16 	0.38 	
98767 	190360 	20033732+2953493 	0.215 	0.435 	0.57 	
100970 	195019 	20281860+1846103 	0.06 	0.38 	0.11 	
113137 	216437 	22543949-7004254 	0.25 	0.11 		
113357 	217014 	22572795+2046077 	0.19 	0.11 	0.38 	
113421 	217107 	22581556-0223432 	0.355 	0.46 	0.6 	
115662 	220689 	23255299-2036574 	-0.03 	0.66 	0.38 	
59610 	106252 	12132949+1002299 	-0.04 	0.32 	-0.07 	
88194 	164595 	18003890+2934188 	-0.071 	0.5 	0.18 	
96901 	186427 	19415198+5031032 	0.051 	0.045 	0.27 	
107350 	206860 	21443131+1446190 	-0.06 	0.09 	0.21 	
3502 	4203 	00444118+2026563 	0.3795 	0.62 	0.56 	
8159 	10697 	01445582+2004592 	0.144 	0.41 	0.3 	
9683 	12661 	02043429+2524516 	0.36 	0.34 	0.52 	
17747 	23596 	03480036+4031502 	0.28 	0.182 	0.42 	
26381 	37124 	05370249+2043515 	-0.41 	0.26 	0.1 	
27253 	38529 	05463492+0110053 	0.37 	0.51 	0.48 	
31246 	46375 	06331263+0527464 	0.24 	0.49 	0.53 	
33212 	50554 	06544283+2414441 	-0.02 	0.418 	0.18 	
42723 	74156 	08422511+0434411 	0.13 	0.283 	0.23 	
45982 	80606 	09223756+5036134 	0.34 	0.765 	0.38 	
61028 	108874 	12302687+2252473 	0.2175 	0.7 	0.48 	
65721 	117176 	13282584+1346447 	-0.05 	0.225 	0.17 	
71395 	128311 	14360055+0944474 	0.055 	0.07 	0.32 	
75458 	137759 		0.185 	0.15 		
78459 	143761 	16010264+3318124 	-0.205 	0.57 	0.14 	
79248 	145675 	16102432+4349037 	0.425 	0.52 	0.83 	
89844 	168443 	18200394-0935446 	0.078 	0.385 	0.37 	
93746 	177830 		0.47 	0.87 	0.73 	
97336 	187123 	19465809+3425105 	0.1 	0.74 	0.19 	
99711 	192263 		0.04 	0.09 	0.22 	
26380 	38283 	05370199-7341574 	-0.21 	-0.22 		
42282 	73526 	08371648-4119092 	0.25 	0.255 		
43686 	76700 	08535550-6648034 	0.377 	0.33 		
6379 	7924 	01215911+7642372 	-0.205 	-0.18 	0.41 	
17960 	24040 	03502296+1728349 	0.2 	0.85 	0.91 	
29432 	42618 	06120056+0646592 	-0.08 	0.02 	0.67 	
30860 	45350 	06284571+3857469 	0.29 	0.83 	0.57 	
32916 	49674 	06513051+4052041 	0.31 	0.82 	0.56 	
40687 	68988 	08182216+6127387 	0.332 	0.82 	0.55 	
49699 	87883 	10084315+3414322 	0.07 	0.02 	0.9 	
54906 	97658 	11143316+2542374 	-0.265 	-0.13 	0.54 	
83389 	154345 	17023639+4704540 	-0.105 	-0.06 		
88348 	164922 	18023085+2618471 	0.07 	0.14 		
95740 	183263 	19282457+0821290 	0.3 	0.54 	0.48 	
97769 	188015 	19520455+2806015 	0.275 	0.8 	0.46 	
26664 	37605 	05400172+0603381 	0.2575 	0.65 	0.65 	
49813 	88133 	10100767+1811132 	0.3125 	0.66 	0.45 	
77655 	142091 	15511394+3539264 	0.1 	0.19 	0.39 	
81022 	149143 	16325104+0205053 	0.263 	0.88 	0.36 	
98505 	189733 	20004370+2242391 	0.01 	0.02 	0.09 	
109577 	210702 	22115133+1602260 	0.06 	0.29 	0.17 	
94931 		19190052+4138043 	-0.54 	-0.52 	0.62 	
46076 	81040 	09234707+2021520 	-0.04 	0.5 	0.15 	
66903 	120084 	13423920+7803521 	0.09 	0.06 		
9884 	12929 	02071038+2327447 	-0.195 	-0.04 	-0.08 	
75049 	136512 	15200853+2936584 	-0.205 	-0.02 	-0.03 	
84607 	156668 	17174049+2913378 	-0.07 	-0.02 		
11791 	15779 	02320943-0102055 	0.035 	0.14 		
12247 	16400 	02374179-0323462 	-0.03 	-0.02 		
90344 	170693 	18255915+6533486 	-0.37 	-0.31 	-0.32 	
114855 	219449 		0.04 	0.05 	0.09 	
116076 	221345 	23311742+3914102 	-0.26 	-0.24 	-0.07 	
116221 	221585 	23325401+6309198 	0.3 	0.76 	0.68 	
20889 	28305 	04283697+1910494 	0.15 	0.27 		
42527 	73108 	08401279+6419405 	-0.17 	-0.07 		
46471 	81688 		-0.315 	-0.24 		
50786 	89744 	10221057+4113466 	0.23 	0.346 	0.19 	
31688 	47536 		-0.545 	-0.63 		
36616 	59686 	07314838+1705099 	0.155 	0.17 		
58952 	104985 	12051510+7654205 	-0.32 	-0.15 		
3834 	4732 	00491393-2408119 	0.05 	0.09 	0.05 	
39311 	66141 	08021594+0220044 	-0.385 	-0.36 		
50583 	89484 		-0.34 	-0.33 		
60202 	107383 	12204305+1747341 	-0.31 	-0.26 	-0.13 	
61740 	110014 		0.275 	0.15 		
77578 	141680 	15501756+0211473 	-0.13 	-0.19 	-0.07 	
88048 	163917 	17590160-0946249 	0.13 	0.16 		
103527 	199665 	20582594+1050214 	0.07 	0.26 		
48455 	85503 	09524585+2600248 	0.245 	0.34 	0.48 	
13291 	17674 	02510426+3017124 	-0.14 	-0.16 		
116616 	222155 	23380027+4859475 	-0.18 	0.05 	0.51 	
2611 	2952 	00331038+5453419 		0.11 		
24275 	33844 	05123609-1457039 	0.21 	0.22 	0.25 	
21421 	29139 	04355524+1630331 	-0.305 	-1.59 		
72607 	131873 	14504235+7409199 	-0.21 	-0.01 		
56508 	100655 	11350375+2026295 	0.06 	0.09 		
76311 	139357 	15351620+5355195 	0.34 	0.17 		
78159 	143107 	15573523+2652400 	-0.18 	-0.07 		
68469 	122303 	14010324-0239180 		-0.95 	2.14 	
12184 	16232 	02365772+2438530 	0.22 	1.57 	1.24 	
21547 	29391 	04373613-0228248 	0.23 	2.0 		
44291 	77338 	09011248-2531371 	0.345 	0.39 		
115714 	220842 	23263697+5653115 	-0.2 	-0.05 		
111944 	214868 	22403085+4416345 	-0.235 	-0.14 		
92512 	175306 		-0.55 	-0.28 		
85805 	159966 	17315788+6808060 	-0.14 	-0.11 	-0.02 	
88788 	166208 	18072872+4327429 		0.25 		
58331 	103891 	11574530-0832554 	-0.25 	-0.09 		
58813 	104760 	12034630-4407220 	0.095 	0.62 		
58950 	104982 	12051337-2843013 	-0.22 	-0.12 	0.21 	
58962 	105004 	12052488-2635432 	-0.82 	-0.2 	-0.655 	
59532 	106116 	12122888-0305045 	0.13 	0.47 	0.68 	
60591 	108063 	12250851-4230515 	0.52 	1.54 		
60729 	108309 	12264817-4854472 	0.1 	-0.065 	0.085 	
61379 	109409 	12344240-4440227 	0.3 	0.36 		
61940 	110291 	12413773-5638002 	-4.26742e-16 	0.59 		
62345 	111031 	12463084-1148448 	0.24 	0.32 		
62607 	111515 	12494483+0111167 	-0.61 	-0.34 	-0.43 	
8548 	11226 	01501542-0642149 	0.01 	0.043 		
64475 	114747 	13125431-3042423 	0.18 	0.91 		
64550 	114853 	13135221-4511090 	-0.25 	-0.27 		
8798 	11505 	01530619-0119371 	-0.23 	-0.05 	-0.08 	
65737 	117105 	13283057-2723311 	-0.32 	-0.13 		
66815 	119173 	13414270-0401457 	-0.6 	-0.43 		
67069 	119638 	13444459-1413303 	-0.18 	-0.104 		
69090 	122862 	14082713-7451010 	-0.15 	-0.103 		
9404 	12345 	02004876-1252297 	-0.24 	0.4 		
9381 	12387 	02003210-4043523 	-0.27 	-0.29 	-0.03 	
69414 	124292 	14124525-0319120 	-0.14 	0.42 	0.56 	
69972 	125072 	14190485-5922447 	0.27 	0.54 		
69881 	125184 	14180071-0732325 	0.31 	0.365 	0.45 	
70459 	125881 	14244597-6342237 	0.03 	0.123 		
70695 	126525 	14273298-5155591 	-0.115 	-0.1 		
72134 	129829 	14451865-1800101 	-0.19 	0.46 	0.13 	
74273 	134060 	15104473-6125204 	0.11 	0.0415 		
74067 	134088 	15081258-0754471 	-0.78 	-0.41 	-0.44 	
74033 	134113 	15074648+0852472 	-0.76 	-0.49 		
74234 	134440 		-1.39 	-1.12 		
74653 	134606 	15151504-7031105 	0.24 	0.32 		
74389 	134664 	15121033-3053104 	0.07 	0.15 	0.11 	
10278 	13724 	02122068-4648588 	0.2 	0.24 		
1444 	1388 	00175884-1327204 	-0.03 	0.032 	0.25 	
77358 	140901 	15472911-3754587 	0.09 	0.095 		
78330 	143114 	15593827-2937570 	-0.44 	-0.28 	-0.12 	
10818 	14374 	02191603-0046473 	-0.07 	0.04 	1.06 	
78955 	144585 	16070340-1404166 	0.3 	0.63 	0.3 	
79190 	144628 	16094280-5626430 	-0.375 	0.12 		
79636 	145666 	16150419-5622281 	-0.07 	-0.007 		
79524 	145809 	16134035-2123598 	-0.28 	-0.12 		
79672 	146233 	16153726-0822096 	0.03 	0.17 	0.23 	
80837 	148816 	16302844+0410411 	-0.74 	-0.53 		
81580 	150177 	16393912-0933164 	-0.585 	-0.31 	-0.46 	
81681 	150433 	16410822-0251258 	-0.38 	-0.09 		
83906 	154962 	17085452-0352584 	0.29 	0.625 	0.49 	
85158 	157338 	17240873-3447541 	-0.11 	-0.066 		
85042 	157347 	17225127-0223173 	0.02 	0.39 	0.27 	
1599 	1581 	00200446-6452282 	-0.21 	-0.083 		
86765 	161098 	17434426-0355042 	-0.27 	-0.01 	0.57 	
87116 	161612 	17475757-3401070 	0.13 	-0.02 		
90223 	168871 	18243314-4939104 	-0.12 	-0.013 		
91287 	171665 	18371283-2540163 	-0.08 	-0.01 		
92233 	171990 	18474919-7752057 	0.03 	0.088 	0.14 	
92781 	175179 	18542319-0436183 	-0.66 	-0.39 	-0.28 	
13128 	17548 	02485184-0130349 	-0.55 	-0.32 	-0.54 	
93547 	176354 	19031224-5659480 	0.265 	0.84 		
94154 	177409 	19095456-6817589 	-0.07 	0.04 	0.34 	
95962 	183658 	19305272-0630518 	0.035 	0.02 	0.77 	
96085 	183870 	19320669-1116298 	-0.01 	0.18 	0.65 	
98621 	188748 	20015206-6911167 	-0.15 	-0.08 		
98959 	189567 	20053286-6719156 	-0.265 	-0.065 		
98589 	189625 	20013279-1652083 	0.15 	0.21 		
99240 	190248 	20084376-6610563 	0.33 	0.34 		
100396 	192865 	20213566-6718463 	0.1 	-0.2 		
100233 	193193 	20194519-2513427 	-0.08 	-0.2075 		
100568 	193901 	20233579-2122124 	-1.09 	-0.475 	-0.875 	
101345 	195564 	20322369-0951120 	0.03 	0.6 	0.21 	
101346 	195633 	20322400+0631034 	-0.58 	-0.05 	-0.47 	
101997 	196761 	20401173-2346262 	-0.28 	0.29 	0.01 	
102018 	196800 	20402233-2407049 	0.16 	0.0315 	-0.09 	
102046 	196892 	20404938-1847331 	-1.05 	-0.54 	-0.885 	
103654 	199190 	21000584-6934460 	0.12 	-0.09 	0.06 	
103458 	199288 	20574008-4407453 	-0.64 	-0.28 		
103682 	199960 	21003382-0443486 	0.25 	0.6695 	0.43 	
104549 	201496 	21104067-2318413 	-0.07 	0.69 	0.44 	
105606 	203432 	21232255-4133091 	0.295 	0.3 		
106213 	204385 	21304792-6210033 	0.04 	0.062 		
107022 	205536 	21402972-7404275 	-0.08 	-0.24 		
15442 	20619 	03190187-0250353 	-0.25 	-0.11 		
107649 	207129 	21481574-4718129 	-0.03 	0.05 		
108158 	207700 	21544520-7326185 	0.03 	-0.13 		
15371 	20807 	03181281-6230230 	-0.25 	-0.13 	-0.24 	
108468 	208704 	21582432-1239526 	-0.091 	-0.1 	0.075 	
108950 	209449 	22042264-3852346 	0.38 	1.02 		
15776 	21019 	03231769-0747385 	-0.45 	0.11 	-0.38 	
109646 	210752 	22124353-0628082 	-0.6 	0.13 	-0.38 	
109821 	210918 	22143860-4122532 	-0.095 	-0.075 		
110161 	211317 	22184967-6818473 	0.24 	0.55 		
110109 	211415 		-0.24 	-0.09 		
110843 	212708 	22272467-4921573 	0.265 	0.155 		
111274 	213575 	22323403-0628020 	-0.17 	-0.11 		
111746 	214385 	22381100-2726361 	-0.37 	0.21 	-0.12 	
111978 	214759 	22405515-3159241 	0.17 	-0.32 		
113948 	217958 	23043288-2541278 	0.25 	1.0 	0.53 	
115577 	220507 	23244211-5242068 		-0.18 	0.13 	
115951 	221146 	23293031-0102091 	0.0715 	0.13 		
116106 	221356 	23313149-0405143 	-0.23 	0.2475 	0.09 	
116250 	221420 	23331963-7723069 	0.3 	0.04 		
116937 	222595 	23421268-5325239 	-0.02 	-0.02 		
117066 	222669 	23435740-8230306 	0.02 	0.06 	0.22 	
117320 	223171 	23472083-4816320 	0.09 	0.045 	0.1 	
80 	224817 	00005823-1149253 	-0.575 	-0.4 	-0.22 	
17147 	22879 	03402202-0313005 	-0.83 	-0.36 	-0.43 	
17378 	23249 	03431490-0945490 	0.15 	0.27 	0.155 	
17420 	23356 	03435531-1906394 	-0.08 	0.16 	0.46 	
19849 	26965 	04151651-0739068 	-0.28 	0.1 	0.23 	
19925 	27063 	04163025-0034219 	0.0395 	0.04 		
20625 	28471 	04250916-6404486 	-0.054 	-0.04 		
21172 	28821 	04322147-0502203 	-0.15 	-0.08 	0.28 	
22905 	31527 	04553838-2314308 	-0.2 	0.275 	0.19 	
23128 	31822 	04583577-0920032 	-0.22 	-0.284 		
23627 	32724 	05044756-1141562 	-0.2 			
669 	361 	00081636-1449281 	-0.15 	-0.04 		
25616 	36108 	05282102-2226020 	-0.24 	-0.17 		
25840 	36379 	05305992-1004516 	-0.2 	-0.129 		
26834 	37986 	05415367-1537499 	0.245 	0.47 		
3170 	3823 	00402566-5927168 	-0.31 	-0.2965 	-0.12 	
27058 	38277 	05441758-1001000 	-0.1 	-0.02 	-0.02 	
27075 	38382 	05442839-2007358 	-2.498e-16 	0.32 	0.24 	
27435 	38858 	05483495-0405404 	-0.23 	-0.08 	0.22 	
27244 	38973 	05462799-5313095 	0.02 	-0.0675 		
3559 	4307 	00452869-1252504 	-0.19 	-0.06 	0.02 	
29788 	44120 	06161877-5912483 	0.09 	-0.018 		
30243 	44420 	06214353-0032206 	0.26 	0.25 		
29673 	44447 	06150603-7142102 	-0.25 	-0.19 		
30104 	44594 	06200615-4844280 	0.12 	0.1 		
30503 	45184 	06244387-2846483 	0.0435 	0.425 	0.25 	
30476 	45289 	06242436-4250512 	-0.05 	-0.085 	-0.06 	
3979 	4915 	00511082-0502213 	-0.24 	-0.095 		
33094 	50806 	06533391-2832228 	0.03 	0.57 	0.23 	
34879 	55693 	07130268-2413323 	0.26 	0.535 	0.42 	
36210 	59468 	07272546-5124094 	0.03 	0.05 		
36640 	59984 	07320577-0852524 	-0.72 	-0.39 	-0.5 	
39298 	66221 	08020537-1248163 	0.14 	0.21 		
5280 	6735 	01073204-4144479 	-0.09 	-0.065 		
39710 	67458 	08070049-2924102 	-0.19 	-0.07 		
40283 	68978 	08133452-3144075 	0.015 	-0.058 		
40438 	69655 	08152522-5203371 	-0.21 	-0.254 		
41134 	70889 	08233178-2749206 	0.08 	0.468 	0.23 	
41317 	71334 	08254952-2955505 	-0.075 	-0.06 		
5578 	7134 	01113207-1250350 	-0.32 	-0.21 		
41479 	71479 	08273512-0508551 	0.21 	0.213 		
41926 	72673 	08325148-3130031 	-0.37 	-0.08 		
42011 	72769 	08334572-2321200 	0.27 	-0.035 		
42123 	73121 	08351253-3958136 	0.06 	-0.0015 		
42291 	73524 	08372000-4008516 	0.13 	0.1325 		
43726 	76151 	08541798-0526040 	0.1 	-0.01 	0.19 	
44713 	78429 	09063883-4329312 	0.079 	-0.045 	0.22 	
44860 	78558 	09082530-1508408 	-0.43 	-0.21 	0.02 	
44896 	78612 	09084981-1045268 	-0.255 	-0.07 	0.01 	
47225 	83529 		-0.25 	-0.23 		
6455 	8406 	01230088-1629146 	-0.105 	-0.09 	0.13 	
49615 	87838 	10073383-0626211 	-0.44 	-0.13 		
50139 	88725 	10140833+0309046 	-0.66 	-0.03 	0.17 	
50075 	88742 	10132474-3301542 	-0.05 	-0.1445 		
50534 	89454 	10191628-1122426 	0.09 	0.14 		
51510 	91267 	10310876-5315273 	-0.04 	0.3 		
52316 	92588 	10412418-0144293 	0.01 	0.23 	0.14 	
52369 	92719 	10421329-1347154 	-0.13 	-0.04 		
52676 	93385 	10461511-4127518 	-0.01 	-0.0225 		
53818 	95456 	11004079-3150218 	0.13 	0.108 		
53837 	95521 	11005027-4901114 	-0.18 	-0.1 		
54242 	96276 	11055072-2024326 	-0.05 	0.59 	0.275 	
54287 	96423 	11061973-4422239 	0.085 	-0.205 		
1128 	967 	00140450-1118418 	-0.64 	-0.24 	-0.32 	
54400 	96700 	11075444-3010284 	-0.21 	-0.21 		
54582 	97037 	11101335-0723217 	-0.1 	0.04 		
7404 	9782 	01352628-1322519 	0.06 	0.045 	0.4 	
31639 		06371463-2521398 	-0.52 	-0.4 		
966 	770 	00115603-4210199 	-0.165 	-0.09 		
1708 	1737 	00213121-2858532 	0.115 	0.33 		
2937 	3488 	00371824-5423375 	-0.1 			
3807 	4737 	00485671-4641515 	-0.045 	0.08 		
4829 	6192 	01020185-5700085 	0.02 	0.12 		
4890 	6245 	01024919-4623502 	-0.025 	0.36 		
5268 	6793 	01071866-6146309 	-0.025 	-0.03 		
7083 	9362 	01311510-4904214 	-0.34 	-0.255 		
9095 	12055 	01571008-4723069 	-0.07 	0.36 		
9440 	12438 		-0.595 	-0.53 	-0.38 	
10440 	13940 	02143195-4110004 	-0.055 	0.06 		
10907 	14703 	02202285-5647026 	0.075 	0.11 		
11043 	14832 	02221173-4311592 	-0.265 	-0.21 		
12486 	16815 	02404004-3951193 	-0.39 	-0.38 		
12608 	16975 	02420661-3823010 	0.03 	0.11 		
13907 	18650 	02590649-2854259 	0.09 	0.11 	0.14 	
15655 	21011 	03213344-4746359 	-0.125 	-0.15 		
16029 	21430 	03262252-2719028 	-0.355 	-0.15 		
16290 	22676 	03295889-7821065 	0.045 	0.12 		
17534 	23719 	03451589-4721340 	0.1 	0.15 		
17738 	23940 	03475603-3010043 	-0.37 	-0.28 		
17874 	24160 	03492725-3612007 	0.025 	0.1 		
20384 	28093 	04215330-6323113 	-0.145 	0.03 		
21248 	29085 	04333056-2945590 	-0.22 	-0.21 	0.02 	
21393 	29291 	04353305-3033444 	-0.005 			
21253 	29399 		0.14 	0.17 		
21914 	30185 	04424643-5028525 	-0.135 	-0.05 		
23430 	32436 	05020981-2616300 	0.16 	0.18 		
23377 	32453 	05013452-3943048 	-0.1 	0.43 		
23148 	34172 	04585107-8228137 	0.035 	0.15 		
25429 	36189 	05261928-5854447 	-0.04 	0.08 		
26649 	37811 	05394984-3237451 	-0.025 	0.08 		
27621 	39640 	05505321-5206316 	-0.13 			
27890 	40409 	05540606-6305230 	0.065 	0.66 		
30565 	46116 	06252867-6941251 	-0.335 	-0.26 		
32222 	49947 	06433676-7307054 	-0.225 	-0.08 		
36474 	59894 	07301856-4059212 	-0.155 	-0.03 		
36729 	60574 	07331332-4305106 	-0.435 	-0.05 		
37590 	62412 	07424816-2621045 	0.01 	0.01 		
37504 	63295 	07414925-7236219 	-0.17 	-0.12 		
42483 	73898 		-0.48 	-0.38 	-0.37 	
45856 	81101 	09205682-6224165 	-0.4 	-0.29 		
46026 	81169 	09231227-2850018 	-0.08 	0.02 	0.06 	
58082 	103462 	11544254-2542501 	-0.55 	-0.36 		
62500 	111295 	12482627-2735503 	-0.36 	-0.32 	-0.23 	
77729 	141832 	15521281-2953115 	0.12 	0.23 	0.19 	
88038 	163652 	17585568-3651300 	-0.385 	0.07 		
92086 	173378 	18460385-2729563 	-0.23 	-0.19 	0.01 	
95322 	181517 	19233693-5356462 	0.055 	0.04 		
95866 	182893 	19295258-5526302 	0.1 	0.16 		
101772 	196171 	20373402-4717292 	-0.09 	-0.03 		
102831 	198232 	20495810-3346471 	-0.08 	-0.15 		
103738 	199951 		-0.05 	-0.09 		
104752 	201852 	21131896-3625246 	-0.045 	0.03 		
71819 	129290 	14412878+1336052 	-0.15 	0.51 	0.01 	
74271 	134330 	15104321-4343008 	0.055 	0.02 		
90355 	169822 	18261008+0846395 	-0.152 	0.6 	0.24 	
30545 	45067 	06251652-0056448 	-0.04 	-0.06 	-0.075 	
171 	224930 	00021014+2704570 	-0.8 	-0.42 		
544 	166 	00063674+2901175 	0.14 	0.08 	0.38 	
2021 	2151 		-0.13 	-0.08 		
3765 	4628 	00482303+0516497 	-0.26 	-0.04 	0.27 	
3821 	4614 	00490622+5748545 	-0.25 	-0.16 	0.16 	
4148 	5133 	00530108-3021249 	-0.105 	0.15 		
5336 	6582 	01081597+5455148 	-0.84 	-0.48 		
7751 	10360 		-0.23 	0.14 		
7918 	10307 	01414714+4236483 	0.02 	0.14 	0.2 	
7981 	10476 	01422977+2016073 	-0.04 	0.005 	0.25 	
8362 	10780 	01474488+6351090 	0.03 	0.13 	0.5 	
10644 	13974 	02170303+3413278 	-0.49 	-0.335 	-0.02 	
10798 	14412 	02185853-2556451 	-0.47 	-0.045 	0.15 	
12777 	16895 	02441197+4913423 	0.01 	0.04 	0.25 	
12843 	17206 	02450616-1834211 	0.05 	1.03 		
13402 	17925 	02523210-1246109 	0.1 	0.105 	0.43 	
14632 	19373 	03090387+4936479 	0.095 	0.09 	0.11 	
14879 	20010 		-0.235 	-0.06 		
15330 	20766 	03174616-6234313 	-0.24 	-0.07 		
15457 	20630 	03192169+0322126 	0.0715 	0.095 	0.28 	
16852 	22484 	03365238+0024054 	-0.0425 	-0.01 	-8.67362e-18 	
22263 	30495 	04473628-1656041 	0.01 	0.05 	0.225 	
22449 	30652 	04495040+0657409 	0.01 	0.19 	0.44 	
23311 	32147 	05004896-0545117 	0.23 	0.375 	0.37 	
23693 	33262 	05053067-5728217 	-0.17 	0.12 		
24813 	34411 	05190848+4005565 	0.08 	0.12 	0.125 	
26779 	37394 	05412033+5328523 	0.09 	0.135 	0.34 	
27072 	38393 		-0.065 	0.05 	0.11 	
27913 	39587 	05542300+2016344 	-0.015 	-0.015 	0.36 	
29271 	43834 	06101448-7445107 	0.11 	0.17 	0.06 	
37279 	61421 	07391805+0513298 	-0.02 	0.175 	-0.005 	
37349 	61606 	07395932-0335506 		0.01 		
42438 	72905 	08391162+6501151 	-0.025 	-0.06 	0.25 	
42808 	74576 	08431805-3852569 	0.02 	0.23 		
46853 	82328 	09325151+5140384 	-0.17 	-0.03 	0.07 	
47080 	82885 	09353959+3548366 	0.28 	0.645 	0.58 	
51459 	90839 	10303759+5558501 	-0.09 	0.35 	0.02 	
56452 	100623 		-0.37 			
56997 	101501 	11410301+3412064 	-0.03 	0.2 	0.12 	
57757 	102870 	11504173+0145528 	0.13 	0.055 	0.23 	
58576 	104304 	12004444-1026452 	0.26 	0.58 	0.71 	
61317 	109358 	12334454+4121270 	-0.185 	-0.11 	0.02 	
64241 	114378 	13095936+1731456 	-0.23 	0.845 	0.28 	
64394 	114710 	13115238+2752411 	0.07 	0.07 		
64797 	115404 	13165106+1701021 	-0.12 	0.09 		
67422 	120476 		-0.07 	0.25 		
67927 	121370 	13544106+1823514 	0.28 	0.41 	0.42 	
68184 	122064 	13573203+6129343 	0.135 	0.14 	1.11 	
71681 	128621 		0.26 	0.28 	0.105 	
71683 	128620 		0.224 	-0.005 	0.17 	
72659 	131156 	14512328+1906034 	-0.1445 	-0.03 		
72848 	131511 	14532374+1909104 	0.08 	0.205 	0.22 	
77257 	141004 	15462661+0721109 	-0.02 	0.09 	-0.12 	
78072 	142860 	15562720+1539413 	-0.185 	0.02 	0.59 	
78775 	144579 	16045689+3909234 	-0.68 	-0.34 	0.18 	
80686 	147584 	16282814-7005037 	-0.065 	-0.03 	0.02 	
81300 	149661 		0.03 	0.055 	0.54 	
81693 	150680 	16411728+3136093 	0.015 	0.02 	-0.07 	
84405 	155885 		-0.25 	0.015 	0.21 	
84720 	156274 	17190373-4638109 	-0.34 	-0.03 		
84862 	157214 	17203955+3228056 	-0.37 	-0.01 	-0.06 	
85235 	158633 	17250019+6718246 	-0.47 	-0.15 	0.07 	
86036 	160269 	17345954+6152290 	-0.01 	0.395 	0.04 	
86400 	160346 	17391691+0333190 	-0.08 	-0.06 	0.41 	
86974 	161797 	17462752+2743142 	0.24 	0.18 	0.31 	
88601 	165341 		0.07 	-0.005 		
88972 	166620 	18093745+3827288 	-0.19 	-0.06 	0.17 	
89937 	170153 	18210342+7243582 	-0.58 	-0.23 		
90790 	170657 	18311897-1854314 	-0.155 	-0.02 	0.15 	
91438 	172051 	18385342-2103065 	-0.24 	0.075 		
96100 	185144 	19322153+6939413 	-0.2 	-0.07 	0.1 	
98036 	188512 	19551878+0624238 	-0.14 	-0.05 		
99461 	191408 		-0.52 	0.08 		
102422 	198149 	20451737+6150199 	-0.12 	-0.03 	0.07 	
105858 	203608 	21262662-6521578 	-0.665 	-0.38 	-0.61 	
109176 	210027 	22070067+2520424 	-0.155 	-0.03 	0.15 	
116771 	222368 	23395706+0537343 	-0.12 	0.16 	0.155 	
3086 	3628 	00391330+0308023 	-0.1 	0.28 	0.44 	
3185 	3795 	00403279-2348172 	-0.59 	-0.025 	0.025 	
3734 	4607 	00475734-0920476 	-0.06 	-0.05 	0.04 	
5862 	7570 		0.15 	-0.08 	-0.04 	
6653 	8648 	01252011+0127390 	0.16 	-0.01 	0.25 	
7276 	9562 	01334282-0701311 	0.26 	0.28 	0.33 	
7961 	10519 	01421485-1753197 	-0.61 	-0.28 	-0.275 	
8398 	11112 	01482056-4129423 	0.2 	-0.13 	0.12 	
9911 	13043 	02073429-0037022 	0.08 	1.54 	0.2 	
11072 	14802 	02223255-2348592 	-0.07 	0.67 	0.24 	
13366 	17820 	02515835+1122119 	-0.67 	-0.35 	-0.25 	
13902 	18709 	02585906-4344537 	-0.26 	-0.29 	0.03 	
14086 	18907 	03013762-2805289 	-0.575 	-0.4 	-0.25 	
16169 	21543 	03282106-0631509 	-0.55 	-0.19 	-0.2 	
17987 	24156 	03504161-0437205 	-0.48 	-0.09 		
28066 	39881 	05560340+1355302 	-0.16 	0.51 	0.1 	
29716 	43318 	06153428-0030436 	-0.13 	-0.03 	-0.02 	
30480 	45701 	06242658-6325439 	0.2 	-0.13 	0.02 	
34065 	53705 	07035734-4336289 	-0.22 	-0.13 	-0.07 	
34069 	53706 	07035890-4336411 	-0.285 	-0.15 		
34739 	55720 	07113166-4925271 	-0.35 	-0.07 	-0.06 	
36269 	59392 	07280320-3800410 	-1.64 	-0.54 		
36491 	59374 	07302901+1857414 	-0.93 	-0.63 	-0.46 	
37853 	63077 		-0.81 	-0.14 	-0.44 	
38541 	64090 	07533301+3036216 	-1.75 	-1.74 	-1.505 	
38625 	64606 	07543420-0124442 	-0.88 	-0.51 	0.36 	
38750 	64815 	07560065+0630439 	-0.33 	-0.01 	0.26 	
49988 	88446 	10121908+1717569 	-0.43 	-0.035 		
64345 	114606 	13112139+0937335 	-0.56 	-0.18 		
64698 	115231 	13153694+0900575 	-0.13 	0.15 	0.17 	
68464 	122196 	14010215-3803030 	-1.78 	-1.535 	-1.94 	
70330 	125968 	14232340-2749214 	0.09 	0.05 	0.165 	
74079 	134169 	15081805+0355502 	-0.81 	-0.235 	-0.435 	
74235 	134439 		-1.42 	-1.28 		
74537 	135204 	15135096-0121047 	-0.16 	0.255 	0.225 	
76899 	140209 	15420570+1058387 	-0.16 	-0.05 	0.1 	
76976 	140283 	15430307-1056009 	-2.39 	-1.79 		
78640 		16031329+4214466 	-1.35 	-1.05 		
79137 	145148 	16091121+0622432 	0.25 	0.09 	0.4 	
81461 	149996 	16381739-0226315 	-0.5 	-0.11 	0.12 	
82588 	152391 	16525877-0001356 	-0.05 	0.23 	0.12 	
82621 	152311 	16532523-2024561 	0.11 	0.66 	0.19 	
84781 	156893 	17194638+0633135 	-0.25 	0.17 	0.1 	
84803 	156802 	17200014-0801231 	-0.43 	-0.1 	-0.04 	
84905 	157089 	17210705+0126350 	-0.56 		0.13 	
85007 	157466 	17222764+2452457 	-0.39 	-0.39 	-0.29 	
85757 	158809 	17312542-0232195 	-0.625 	-0.5 		
86013 	159482 	17344305+0600519 	-0.74 	-0.46 	-0.28 	
86193 	159909 	17365019+1034284 	0.06 	0.09 	0.12 	
87841 	163492 	17564312-0900533 	0.12 	0.85 	0.24 	
88622 	165401 	18053746+0439255 	-0.4 	-0.075 	-0.12 	
89554 	166913 	18162570-5924111 	-1.57 	-0.89 		
93966 	178428 	19075730+1651130 	0.14 	0.17 	0.22 	
95447 	182572 	19245822+1156401 	0.41 	0.675 	0.66 	
97779 	187897 	19520937+0727360 	0.1 	0.82 	0.285 	
98020 	188510 	19550968+1044275 	-1.495 	-0.98 	-1.71 	
98532 	189558 	20010027-1215198 	-1.12 	-1.18 	-0.655 	
100412 	193307 	20214103-4959575 	-0.275 	-0.36 		
102610 	198089 	20473787+1259104 	-0.28 	0.03 	-0.12 	
104294 	201099 	21074384-0533570 	-0.44 	-0.22 	-0.065 	
104659 	201891 	21115903+1743403 	-1.05 	-0.89 	-0.865 	
104922 	202282 	21151168-1544283 	0.05 	0.89 	0.12 	
108736 	208998 	22013652-5305366 	-0.32 	-0.42 		
109214 	209653 	22072995-6801245 	-0.14 	-0.24 	-0.1 	
109450 	210483 	22102614+1847495 	-0.095 	0.25 	0.14 	
110035 	211476 	22171500+1253544 	-0.155 	0.255 	0.08 	
110712 	212168 		0.02 	-0.29 	0.09 	
113688 	217577 	23013314+1916108 	-0.14 	0.47 	-0.05 	
114702 	219175 	23140743-0855275 	-0.34 	-0.19 		
18261 	24552 	03542263+0115418 	0.001 	0.67 	0.62 	
23835 	32923 	05072692+1838420 	-0.183 	0.38 	0.09 	
29525 	42807 	06131250+1037374 	-0.03 	0.02 	0.49 	
30502 	45346 	06244377-4324205 	-0.053 	-0.021 		
38228 	63433 	07495506+2721473 	-0.01 	-0.03 	0.25 	
49756 	88072 	10092342+0222158 	0.01 	0.15 		
56948 	101364 	11402848+6900306 	0.0045 	0.076 		
60370 	107692 	12224478-3910396 	0.142 	-0.11 		
62175 	110869 	12442902+5841274 	0.11 	0.71 	0.46 	
73815 	133600 	15051325+0617235 	0.02 	0.02 		
77052 	140538 	15440182+0230548 	0.036 	0.14 	0.37 	
77883 	142331 	15541979-0834493 	0.023 	0.021 		
89650 	167060 	18174414-6142317 		0.008 		
96402 	184768 	19360065+0005285 	-0.07 	0.32 	0.53 	
96895 	186408 	19414896+5031305 	0.09 	0.04 	0.34 	
102152 	197027 	20415462-2712574 	-0.0165 	0.04 		
2235 	2454 	00282004+1011233 	-0.3 	-0.32 	-0.28 	
3909 	4813 	00500759-1038394 	-0.09 	0.67 	0.175 	
12306 	16397 	02382793+3049006 	-0.51 	-0.375 	0.15 	
18235 	24616 	03535944-2308131 	-0.73 	-0.39 		
21832 	29587 	04413631+4207065 	-0.575 	0.005 	0.01 	
26828 	37739 	05414672+2252135 	-0.38 	-0.3 		
44441 	77408 	09031580+3252531 	-0.28 	0.05 		
93185 	176377 	18585101+3010498 	-0.23 	-0.03 	0.35 	
107975 	207978 	21522991+2847367 	-0.515 	-0.35 	-0.42 	
116421 	221830 	23352889+3101017 	-0.405 	0.09 		
118010 	224233 	23561142+5946032 	-0.12 	0.06 		
28159 	40040 	05570177+1544290 	-0.43 	0.04 		
34017 	52711 	07033043+2920150 	-0.1 	-0.03 	-0.04 	
49942 	88371 	10114813+2345184 	-0.285 	0.095 	0.17 	
50316 	88986 	10162809+2840571 	0.042 	0.76 	0.17 	
51579 	91204 	10320550+1759231 	0.205 	-0.03 		
60019 	107038 	12183211-0854159 	-0.39 	-0.24 		
63405 	112887 	12593294+2803563 	-0.375 	-0.09 		
68796 	123710 	14045706+7434251 	-0.53 	-0.33 		
15323 	20367 	03174006+3107374 	0.14 	0.9 	0.15 	
24205 	33636 	05114645+0424127 	-0.09 	0.3405 	0.2 	
98714 	190228 	20030076+2818245 	-0.248 	0.04 	-0.115 	
11952 	16031 	02341104-1223031 	-1.815 	-0.74 	-2.02 	
53070 	94028 	10512815+2016397 	-1.48 	-0.885 	-1.275 	
61264 	109303 	12331902+4918068 	-0.555 	-0.12 		
94449 	179626 	19132074-0035417 	-1.03 	-0.8 	-0.97 	
96185 	184499 	19332714+3312064 	-0.51 	-0.285 	0.3 	
103987 	200580 	21040736+0259399 	-0.61 	-0.54 	-0.32 	
104660 	201889 	21115951+2410051 	-0.79 	-0.495 		
108490 	208906 	21584086+2948462 	-0.73 	-0.46 		
45807 	80635 	09202747-1725289 	0.335 	-0.27 		
46388 	82082 	09273164-5805403 	0.05 	-0.1 		
49024 	86819 	10000592-3602356 	-0.08 	-0.06 		
59143 	105328 	12073902-2358326 	0.09 	-0.15 		
67620 	120690 	13512039-2423252 	-0.034 	0.62 	0.2 	
80399 	147722 		0.1 	0.43 	0.29 	
84489 	155974 	17162161-3545006 	-0.21 	-0.37 		
100925 	194640 	20274424-3052039 	-0.045 	-0.28 		
102128 	196068 	20414550-7520471 	0.16 	0.02 		
105184 	202628 	21182725-4320048 	-0.006 	-0.0655 		
112117 	214953 	22423689-4712383 	-0.05 	0.05 		
88531 	164427 	18044259-5912344 	0.055 	-0.15 		
7339 	9407 	01343317+6856535 	0.05 	0.02 	0.56 	
7902 	10145 	01413768+6654359 	-0.01 	0.355 	0.5 	
9269 	12051 	01590663+3312350 	0.24 	0.4 	0.85 	
9353 	12235 	02000916+0305490 	0.28 	0.55 	0.45 	
9829 	12846 	02063024+2420023 	-0.24 	0.18 	0.43 	
10531 	13579 	02154252+6740205 	0.35 	0.54 	1.18 	
13976 	18632 	03000280+0744590 	0.18 	0.02 	0.98 	
14150 	18803 	03022598+2636334 	0.14 	0.12 	0.69 	
14532 	19308 	03073939+3637037 	0.08 	0.395 	0.54 	
15099 	20165 	03144722+0858509 	-0.035 	0.125 	0.84 	
16641 	22072 	03340836+1749588 	-0.27 	-0.19 	0.08 	
18106 	24213 	03521139+2509471 	0.09 	1.51 	0.3 	
18267 	24496 	03542799+1636582 	-0.09 	-0.03 	0.51 	
18324 	24238 	03550380+6110006 	-0.46 	-0.255 	0.41 	
19076 	25680 	04052023+2200321 	0.05 	0.07 	0.29 	
20800 	28005 	04272469+4651117 	0.26 	0.1 	0.75 	
22596 	30649 	04514353+4550035 	-0.505 	-0.08 		
23852 	33021 	05073831+0928185 	-0.155 	0.49 	0.15 	
26505 	37008 	05381191+5126445 	-0.41 	-0.19 	0.43 	
29761 	42250 	06160267+7046539 	0.01 	0.62 	0.79 	
29843 	43745 	06170358-2242548 	0.11 	0.82 	0.17 	
30067 	43947 	06194017+1600476 	-0.25 	-0.04 		
31655 	47157 	06373180+0908395 	0.34 	1.28 	1.09 	
32322 	48938 	06445195-2720302 	-0.38 	0.32 		
32480 	48682 	06464434+4334385 	0.09 	-0.03 	0.29 	
33277 	50692 	06551867+2522320 	-0.135 	0.12 	0.13 	
33382 	51219 	06563418+0109435 		0.345 	0.65 	
33537 	51419 	06581174+2228329 	-0.37 	-0.11 	0.45 	
35209 	56303 	07163642+0152435 	0.13 	0.89 	1.0 	
36249 	58781 	07275076+1902414 	0.1 	1.51 	0.47 	
36704 	59747 	07330059+3701475 	-0.04 	-0.02 	0.68 	
39157 	65583 	08003215+2912465 	-0.67 	-0.245 	0.21 	
40023 	67767 	08102717+2530268 	0.01 	0.38 	0.07 	
40118 	68017 	08113869+3227267 	-0.42 	-0.16 	0.13 	
40133 	68168 	08114919+1631264 	0.124 	0.84 	0.59 	
40843 	69897 	08200385+2713038 	-0.2575 	-0.105 	-0.095 	
41844 	71881 	08315502+5036599 	-0.05 	0.61 	0.25 	
42074 	72760 	08343166-0043339 	0.04 	0.06 	0.36 	
48113 	84737 	09483533+4601155 	0.11 	0.96 	0.29 	
49081 	86728 	10010072+3155262 	0.22 	0.19 	0.32 	
50505 	89269 	10185193+4402544 	-0.215 	-0.03 	0.45 	
54745 	97334 	11123236+3548508 	0.09 	0.05 	0.24 	
56242 	100180 	11314496+1421525 	-0.01 	0.76 	0.29 	
56960 	101472 	11403658-0824203 	-0.1 	-0.08 		
57217 	101959 	11435664-2944518 	-0.11 	0.6 	0.19 	
59280 	105631 	12093730+4015077 	0.16 	0.12 	0.79 	
62523 	111395 	12484706+2450250 	0.1 	0.12 	0.11 	
65355 	116443 	13234086+0243309 	-0.435 	-0.31 		
68682 	122742 	14033235+1047121 		0.41 	0.4 	
70319 	126053 	14231528+0114294 	-0.345 	-0.13 	0.09 	
70873 	127334 	14293678+4147456 	0.2 	0.395 	0.43 	
72312 	130307 	14471609+0242116 	-0.25 	-0.05 	0.6 	
72567 	130948 	14501581+2354424 	-0.05 	0.02 	0.24 	
73005 	132142 	14551121+5340485 	-0.41 	-0.1 	0.31 	
74702 	135599 	15155918+0047469 	-0.075 	-0.01 	0.62 	
75829 	139813 	15292366+8027010 		0.12 	0.58 	
76375 	139323 	15355661+3949519 	0.33 	0.535 	0.66 	
77801 	142267 	15531211+1311489 	-0.405 	-0.18 		
81375 	149806 	16370844+0015157 	0.25 	0.17 		
81813 	151541 	16423861+6806075 	-0.22 	0.04 		
85810 	159222 	17320102+3416158 	0.1 	0.15 	0.26 	
89474 	168009 	18153245+4512333 	-0.01 	0.04 	0.3 	
91949 	173701 	18443514+4349599 	0.18 	0.04 		
94336 	179957 	19120500+4951207 	-0.01 	0.63 	0.24 	
95319 	182488 	19233402+3313190 	0.13 	0.04 	0.5 	
97767 	187923 	19520343+1137421 	-0.13 	0.345 	0.04 	
98677 	190067 	20023415+1535311 	-0.37 	-0.19 		
98792 	190404 	20035209+2320262 	-0.61 	-0.415 	0.41 	
98819 	190406 	20040620+1704125 	0.05 	0.02 	0.26 	
99452 	191785 	20110609+1611162 	-0.12 	0.02 	0.6 	
103077 	198802 	20530557-1134250 	0.04 	0.61 	0.04 	
105038 	202575 	21163247+0923376 	-0.03 	0.07 	0.71 	
107070 	206374 	21410613+2645024 	-0.05 	0.46 	0.6 	
108156 	208313 	21544502+3219428 	-0.05 	-0.08 	0.59 	
108774 	209393 	22020538+4420354 	-0.18 	-0.07 		
112870 	216259 	22512632+1358115 	-0.6 	-0.46 	0.12 	
114456 	218868 	23105007+4530440 	0.21 	0.22 	0.84 	
114886 	219538 	23161813+3040126 	-0.04 	-0.03 	1.05 	
116085 	221354 	23312219+5909558 	0.01 	0.205 	0.85 	
8867 	11373 	01540610+6610343 	0.08 	0.07 	0.95 	
10723 	14214 	02180145+0145282 	0.145 	0.96 	0.11 	
13081 	17382 	02480915+2704069 	0.05 	0.41 	0.82 	
14721 	19617 	03100989+1820439 	0.16 	0.84 	0.34 	
19302 	25975 	04081538+3743389 	0.12 	0.2 	0.33 	
20184 	27530 	04193425-2847104 	0.18 	1.01 	0.59 	
20741 	28099 	04264010+1644488 	0.16 	0.77 	0.61 	
23786 	32850 	05064223+1426462 	-0.17 	0.12 	0.41 	
26437 	36130 	05373344+7441194 	0.13 	0.2 		
32423 	263175 	06460509+3233204 	-0.16 	0.07 		
34414 	53927 	07080426+2950047 	-0.22 	-0.03 	0.48 	
35136 	55575 	07155011+4714241 	-0.3 	-0.11 	0.05 	
38784 	62613 	07561720+8015558 	-0.1 	-0.16 	0.53 	
46543 	82074 	09293241-0414477 	-0.34 	-0.08 	-0.01 	
46843 	82443 	09324378+2659192 	-0.03 	0.09 	0.49 	
48433 	85440 	09522869+2746265 	-0.09 	-0.09 		
51248 	90508 	10280388+4847067 	-0.33 	0.085 	0.01 	
61946 	110463 		-0.05 	0.04 	0.75 	
62145 	110833 	12441457+5145336 	0.13 		0.48 	
62207 	110897 	12445938+3916441 	-0.49 	-0.16 	-0.37 	
63366 	112758 	12590162-0950029 	-0.53 	-0.23 	0.12 	
65515 	116956 	13254557+5658137 	0.08 	0.12 	1.17 	
72875 	131582 	14534156+2320426 	-0.37 	-0.1 		
74954 	136274 	15185904+2541301 	-0.26 	-0.05 		
74975 	136202 	15191881+0145553 	-0.02 	0.43 	0.12 	
77408 	141272 	15480945+0134183 	-0.06 	0.02 		
78709 	144287 	16040370+2515169 	-0.15 	0.29 	0.85 	
83006 	153525 	16574225+4721433 	-0.04 	0.12 	0.55 	
84195 	155712 	17123761+1821044 	-0.06 	-0.1 	0.55 	
85653 	159062 	17301639+4724078 	-0.4 	-0.11 	0.38 	
88511 	165173 	18042635+0626110 	-0.05 	0.04 	0.8 	
92919 	175742 	18555320+2333244 	-0.03 	0.02 		
94346 	180161 	19121135+5740192 	0.18 	0.17 	0.77 	
95362 	182736 	19240337+4456005 	-0.06 	0.17 	0.48 	
96395 	185414 	19355560+5659022 	-0.04 		0.61 	
96459 	185351 	19363801+4441418 		0.35 	-0.13 	
97295 	187013 	19462559+3343400 	-0.01 	-0.11 		
98878 	190412 	20044660+0109217 	-0.305 	0.38 	0.11 	
102040 	197076 	20404512+1956071 	-0.0915 	0.04 	0.27 	
108028 	208038 	21530535+2055499 	-0.08 	0.02 	0.77 	
112426 	215704 	22462034+5012358 	0.07 	0.09 		
112527 	216520 	22473183+8341493 	-0.17 	-0.08 	0.55 	
114924 	219623 	23164228+5312489 	0.04 	0.17 	0.44 	
116416 	221851 	23352560+3109408 	-0.09 	0.02 	0.67 	
117778 	223869 	23530732+2559553 	-0.02 	0.07 	0.03 	
7734 	10086 	01393600+4552401 	0.13 	0.05 	0.7 	
61597 	110010 	12371922+7912556 	0.38 	0.15 		
8433 	11007 	01484160+3241239 	-0.2 	-0.01 		
96183 	184385 	19332555+2150256 	0.12 	0.1 		
31660 	47127 	06373390+1210505 	0.16 	1.46 	0.43 	
61053 	108954 	12305012+5304357 	-0.1 	-0.06 	0.13 	
116613 	222143 	23375844+4611579 	0.124 	0.08 	0.27 	
51523 	91324 	10312180-5342556 	-0.52 	0.01 		
112935 	216385 	22522410+0950084 	-0.24 	-0.09 	-0.1 	
37606 	62644 	07425710-4510227 	-0.1 	0.08 	0.34 	
64577 	114946 	13141089-1955514 	-0.21 	-0.05 	-0.08 	
2981 	3454 	00375698+4724277 	-0.58 	-0.28 		
18366 	24421 	03553707+5213367 	-0.34 	-0.2 		
24332 	33632 	05131746+3720144 	-0.24 	-0.06 		
27980 	39833 	05550197-0030286 	0.195 	0.81 		
28908 	41330 	06060853+3523159 	-0.18 	0.04 	-0.03 	
38172 	63333 	07491887+2429194 	-0.37 	-0.24 		
43410 	75332 	08503222+3317061 	0.155 	0.08 		
50384 	89125 	10171459+2306227 	-0.36 	0.51 	-0.23 	
51700 	91347 	10335053+4911100 	-0.43 	-0.21 		
57080 	101676 	11420395+1217060 	-0.45 	-0.28 		
58229 	103723 	11563603-2125096 	-0.8 	-0.63 	-0.63 	
60588 	108134 	12250513+6041505 	-0.33 	-0.35 		
70520 	126512 	14253012+2035244 	-0.61 	-0.28 		
76543 	139457 	15375919+1014234 	-0.49 	-0.265 		
77760 	142373 	15524052+4227052 	-0.5 	0.24 	-0.25 	
88745 	165908 		-0.58 	-0.43 	-0.1 	
92532 	174912 	18512517+3837358 	-0.42 	-0.375 		
97023 	186379 	19430702+2435525 	-0.37 	-0.08 	0.09 	
97675 	187691 	19510166+1024567 	0.13 	0.13 	0.195 	
110291 	212029 	22202385+4625058 	-0.96 	-0.47 		
1803 	1835 	00225174-1212340 	0.15 	0.19 	0.45 	
98066 	188376 	19555035-2617581 	-0.06 	0.23 	0.145 	
56975 	101484 	11404707+2121100 	0.04 	0.1 		
57791 	102928 	11510223-0520000 	-0.08 	-0.01 		
58181 	103605 	11555839+5635546 	-0.05 	0.05 	-0.01 	
58948 	104979 	12051252+0843587 	-0.35 	-0.07 	-0.12 	
59750 	106516 	12151055-1018440 	-0.695 	-0.58 	-0.45 	
59847 	106714 	12162055+2356435 	-0.175 	-0.03 		
60742 	108381 	12265625+2816065 	0.16 	0.31 		
61724 	110024 	12390732+2103452 	0.09 	0.25 		
8833 	11559 	01533336+0311151 	0.14 	0.19 		
65301 	116292 	13230110-1744067 	-0.01 	-0.06 	0.02 	
65790 	117304 	13291301+1049060 	-0.08 	-0.06 		
9021 	11749 	01560933+3715066 	-0.24 	-0.39 		
67250 	120164 		-0.08 	-0.06 		
67384 	120420 	13483874+3111247 	-0.2 	-0.14 	-0.07 	
71053 	127665 	14314977+3022169 	-0.1 	-0.01 	-0.17 	
73555 	133208 	15015676+4023259 	-0.04 	0.03 		
10322 	13403 	02125606+5712162 	-0.31 	-0.16 	0.37 	
74666 	135722 	15153015+3318537 	-0.3 	-0.11 	-0.13 	
75974 	138852 	15305578+6412313 	-0.205 	-0.12 		
78442 	143553 	16005113+0425384 	-0.23 	-0.29 		
80816 	148856 	16301319+2129225 	-0.055 	0.01 	0.05 	
81833 	150997 	16425376+3855202 	-0.14 	-0.05 		
82426 	152224 	16504312+3233129 	-0.085 	-0.04 		
83138 	153956 	16592151+5641187 	0.155 	0.26 		
83863 	154931 	17082141+0425281 	-0.1 	-0.11 	0.2 	
11698 	15596 	02305441+1742139 	-0.65 	-0.07 		
84691 	156874 	17184853+2849227 	-0.01 	0.05 	0.02 	
11840 	15755 	02325263+3432327 	-0.01 	-0.03 		
85930 	159353 	17333939+1619032 		-0.01 		
87158 	162076 	17482476+2033555 	0.045 	0.16 		
87585 	163588 	17533173+5652216 	0.075 	0.04 		
87933 	163993 	17574588+2914523 	0.065 	0.165 	0.09 	
89448 	168653 	18151705+6845208 	-0.04 	-0.02 		
89962 	168723 	18211862-0253554 	-0.17 	0.19 	0.02 	
13061 	17361 	02475454+2914492 	0.07 	0.06 		
92937 	175743 	18560614+1806197 	0.09 	0.19 	0.11 	
92969 	176598 	18562570+6515289 	0.03 	0.17 	0.11 	
93007 	176841 	18564927+6817326 	0.23 	0.14 		
94376 	180711 	19123328+6739415 	-0.11 	-0.07 	0.01 	
96808 	185644 	19404338-1617355 	0.105 	0.1 		
14286 	18757 	03040962+6142212 	-0.255 	-0.03 	0.41 	
98921 	190771 	20050978+3828424 	0.13 	0.07 	0.62 	
99031 	191026 	20062180+3558216 	-0.01 	0.17 	0.23 	
14439 	19270 	03062369+1311140 	0.13 	0.19 		
99841 	192787 	20152376+3343447 	-0.09 	-0.09 		
101467 	196134 	20334855+4146218 	-0.14 	-0.1 	-0.18 	
101916 	196755 	20390779+1005104 	0.01 	0.6 	0.12 	
14838 	19787 	03113776+1943360 	0.115 	0.18 		
102488 	197989 	20461266+3358128 	-0.09 	-0.11 		
102891 	198431 	20504177-1232415 	-0.145 	-0.19 		
103004 	198809 	20520768+2705491 	-0.05 	0.17 	0.12 	
103519 	199870 	20581946+4428181 	0.13 	0.21 	0.21 	
103859 	200560 	21024076+4553053 	0.06 	-0.03 	0.88 	
104101 	200790 	21052673+0557294 	-0.01 	-0.07 	-0.01 	
104732 	202109 	21125619+3013370 	-0.02 	0.125 		
106093 	204771 	21292694+4632260 	0.095 	0.21 		
15394 	20512 	03182714+1510386 	-0.16 	-0.05 	0.47 	
106481 	205435 	21335883+4535307 	-0.09 	0.12 	0.13 	
15619 	20791 	03210681+0340323 	0.11 	0.2 		
108102 	208111 	21541036-0416340 	0.16 	0.22 	0.22 	
109439 	210460 	22101902+1936588 	-0.24 	0.2 	-0.13 	
110538 	212496 	22233365+5213449 	-0.29 	-0.15 		
110882 	212943 	22275152+0441442 	-0.2 	-0.16 		
112041 	215030 	22413603+4132566 	-0.405 	-0.28 	-0.26 	
112529 	215721 	22473312-1936482 	-0.395 	-0.33 	-0.31 	
112748 	216131 	22500017+2436056 	-0.015 	0.03 		
112724 	216228 	22494081+6612013 	0.005 			
113919 	218031 	23041098+5003076 	-0.09 	-0.05 	0.04 	
113989 	218209 	23050615+6825015 	-0.445 	-0.01 	0.58 	
118162 	224465 	23580679+5026516 	0.08 	0.12 	0.64 	
343 	225197 	00041979-1631443 	0.16 	0.09 	0.23 	
379 	225216 	00044199+6709592 	-0.03 	0.02 		
705 	245 	00085057+8647164 	-0.81 	-0.135 	0.4 	
19172 	25602 	04063663+5400307 	-0.205 	0.13 		
19038 	25604 		0.08 	0.27 		
20982 	26659 	04300029+8320254 	-0.065 	0.44 		
19983 	26755 	04170809+5751372 	0.17 	0.32 		
20266 	27022 	04204033+6508255 	-0.04 	0.12 	0.06 	
20252 	27348 	04202463+3434002 	0.09 	0.14 	0.12 	
20205 	27371 	04194757+1537395 	0.11 	0.24 		
20455 	27697 	04225609+1732331 	0.14 	0.23 	0.28 	
20877 	28292 	04282638+1621347 	-0.07 	-0.02 		
20885 	28307 	04283447+1557437 	0.16 	0.27 		
2568 	2910 	00323546+2017394 	0.035 	0.09 		
22545 	30557 	04510933+4844265 	0.02 	0.16 	0.09 	
24041 	33419 	05100325-0033551 	0.145 	0.14 		
24822 	34559 	05191659+2205475 	0.1 	0.23 	0.25 	
25247 	35369 	05235683-0748289 	-0.18 	-0.11 		
3031 	3546 	00383338+2918431 	-0.63 	-0.41 	-0.33 	
26366 	37160 	05365439+0917261 	-0.56 	0.08 		
26885 	37984 	05422864+0128286 	-0.5 	-0.47 		
27207 	38230 	05460191+3717043 	-0.07 	0.23 	0.68 	
28677 	40801 	06031796+4254416 	-0.165 	-0.06 	-0.09 	
28954 	41593 	06064047+1532317 	-0.04 	-0.11 	0.61 	
3455 	4188 	00441140-1036344 	0.035 	0.175 		
29205 	42341 	06093452-1435046 	0.275 	0.29 		
29860 	43587 	06171614+0506001 	-0.11 	0.04 	0.17 	
3675 	4482 	00470143+1158256 	0.005 	0.11 		
30728 	45415 	06272045+0254309 	-0.015 		0.11 	
31277 	46374 	06333617+1409187 	0.05 			
31965 	47309 	06404905+5158422 	0.08 	0.7 	0.32 	
31674 	47366 	06374079-1259065 		0.06 		
32489 	48432 	06464952+5710089 	-0.04 	0.07 	0.05 	
4422 	5395 	00563990+5910517 	-0.315 	-0.25 	0.1 	
35146 	55280 	07155492+5938150 	0.115 	0.18 		
36046 	58207 	07254359+2747529 	-0.05 	-0.07 		
37046 	60294 	07364702+5545181 	0.125 	0.06 		
36732 	60341 	07331957-1924451 	0.11 	0.21 	0.1 	
37441 	61363 	07411240+4807534 	-0.26 	-0.27 		
37447 	61935 	07411484-0933041 		0.01 		
37740 	62345 	07442684+2423526 	0.01 	0.12 	0.16 	
5121 	6482 	01053688-0958455 	0.02 	0.08 		
38962 	65345 	07582065+0213289 		0.2 	0.08 	
39212 	65874 	08011350+0822347 	0.05 	-0.06 	0.65 	
40107 	68312 	08113301-0746210 	-0.08 	0.08 	0.1 	
40793 	68375 	08193230+7545246 	-0.055 	0.12 	0.11 	
40990 	70523 	08215461-1735108 	-0.15 	0.02 		
41676 	71088 	08294619+6717510 	-0.02 	0.12 	-0.02 	
43026 	74794 	08460248-0202552 	0.07 	0.06 		
43304 	75318 	08492120+0341023 	-0.14 	0.24 	0.44 	
43531 	75506 	08515681+4343357 	-0.35 	-0.22 		
43813 	76294 	08552362+0556441 	-0.08 	-0.02 		
44154 	76813 	08593267+3225068 	-0.03 	0.08 	0.04 	
44818 	78235 	09080005+2939151 	0.015 	0.04 	0.06 	
45158 	79181 	09115874-1944516 	-0.26 	-0.11 	-0.04 	
45527 	79910 	09164174-0621113 	0.045 	0.1 		
45896 	80546 	09212719+3254077 	0.16 	0.27 		
6411 	8207 	01222043+4531437 	0.13 	0.16 		
46952 	82635 	09341338+3623513 	-0.02 	0.07 	0.02 	
47205 	83240 	09371267+0650086 	-0.03 	0.06 		
6605 	8599 	01244867-0250550 	-0.185 	-0.08 	0.01 	
7294 	9408 	01335585+5913554 	-0.26 	-0.21 	-0.09 	
53157 	94084 	10523207+5230131 	0.07 	0.38 	0.08 	
53273 	94402 	10534372-0207451 	0.08 	0.18 		
53465 	94669 	10561449+4200290 	-0.08 	0.04 		
47267 	83548 	09380144-4311274 	-0.07 	-0.34 		
105881 	204075 	21264003-2224407 	-0.005 	-0.34 		
53807 	95345 	11003365+0337030 	-0.115 	0.01 		
93017 	176051 	18570156+3254050 	-0.08 	0.66 	0.25 	
94076 	178911 	19090438+3436011 	0.07 	0.28 		
39506 	66573 	08042984+0916045 	-0.545 	-0.21 		
21847 	29645 	04415022+3816487 	0.14 	0.04 	0.13 	
39780 	67228 	08074584+2134543 	0.13 	0.9 	0.36 	
74605 	136064 	15143834+6720483 	0.05 	0.14 	0.18 	
82860 	153597 	16560170+6508054 	-0.08 	-0.05 		
87234 	163989 	17492701+7657464 	-0.11 	0.05 		
62882 	111980 	12531501-1831185 	-1.08 	-0.945 	-0.94 	
4257 	5268 	00541760-0844264 	-0.505 	-0.35 		
81170 	149414 	16344236-0413440 	-1.26 	-0.77 		
110618 	211998 	22243688-7215193 	-1.52 	-0.54 		
5445 	6755 	01094297+6132501 	-1.46 	-0.94 		
18915 	25329 	04031512+3516226 	-1.705 	-0.94 	-1.1 	
21767 	280067 	04403023+3512564 	-0.445 	-0.17 		
22246 		04471838+4559105 	-0.21 	0.18 		
34146 	53545 	07044940-1617053 	-0.24 	-0.26 		
34548 	53871 	07092700+5202196 	-0.3 	-0.12 		
44116 	76910 	08590599-0037257 	-0.47 	-0.63 		
47640 	83888 	09424731+4531018 	0.055 	-0.08 		
48146 		09485315+0858273 	0.12 	0.14 		
57265 		11443576+2532116 	-0.93 	-0.63 		
57939 	103095 	11525880+3743060 	-1.27 	-0.75 	-0.69 	
63970 			0.08 	-0.16 		
65268 	116316 	13223415+2606563 	-0.585 	-0.41 		
66509 	118659 	13380046+1908534 	-0.59 	-0.44 		
66665 		13395957+1235221 	-0.74 	-0.67 		
71886 	129392 	14421119+0356190 	-0.205 	-0.13 		
71887 	129515 	14421132+3155364 	-0.295 	-0.39 		
71939 	129518 	14424860+0402447 	-0.25 	-0.22 		
77946 	142575 	15550283+0504121 	-0.9 	-0.74 		
85378 	158226 	17264323+3104378 	-0.52 	-0.185 		
86431 	160693 	17393690+3711021 	-0.49 	-0.43 		
88039 	163799 	17585582-2223033 	-0.745 	-0.55 		
91058 	171620 	18343066+3424559 	-0.47 	-0.48 		
99938 	192718 	20163806-0726377 	-0.59 	-0.34 		
101382 	195987 	20325166+4153539 	-0.665 	-0.38 		
106947 		21393646+2315558 	-0.395 	-0.02 		
115610 		23251134+3417150 	-0.46 	-0.22 		
117029 	222794 	23432704+5804490 	-0.68 	-0.25 		
90393 	170357 	18263773+4605014 	-0.49 	-0.11 		
102523 	198300 	20463546+5951094 	-0.59 	-0.32 		
54196 	96094 	11051545+2512070 	-0.35 	-0.09 		
56809 	101177 	11384487+4506303 	-0.16 	-0.01 	0.1 	
60268 	107582 	12212819+6144502 	-0.63 	-0.25 		
58345 	103932 	11575619-2742251 	0.15 	0.31 	1.17 	
73184 	131977 	14572788-2124526 	0.04 	0.06 		
67246 	120066 	13465711+0621013 	0.081 	0.75 	0.27 	
73941 	134044 	15063515+3627217 	0.05 	0.84 	0.42 	
100017 	193664 	20173128+6651130 	-0.13 	0.67 	0.17 	
117367 	223238 	23475242+0410315 	0.032 	0.84 	0.28 	
42403 	73344 	08384552+2341094 	0.08 	0.04 		
42488 	73668 	08394380+0545515 		0.78 	0.36 	
44089 	76752 	08584986+2524180 	0.0355 	1.4 	0.32 	
60353 	107705 	12223203+0518197 	0.095 	0.01 	0.31 	
83435 	154160 	17031046+1430409 	0.29 	0.59 	0.55 	
65201 	116064 	13214382-3918400 	-1.9 	-1.21 		
71458 	128279 	14364848-2906460 	-2.17 	-1.965 		
2006 	2114 	00252422+0156229 	-0.03 	0.03 		
4587 	5722 	00584386-1122479 	-0.23 	-0.09 	-0.02 	
8198 	10761 	01452364+0909279 	-0.02 	0.07 	0.09 	
8423 	10975 	01483891+3757105 	-0.125 	0.02 	0.04 	
13288 	17824 		0.015 	0.11 	0.18 	
13701 	18322 	02562566-0853534 	0.11 	0.22 		
14110 	18885 	03015611-0957412 	0.175 	0.11 		
15004 	19845 	03132386+4810370 	0.17 	0.33 		
15643 	20894 	03212401-2338064 	-0.065 	0.045 		
16780 	22409 	03355766-1111376 	-0.21 	-0.03 		
16870 	22663 	03370566-4016285 	0.13 	0.34 		
16989 	22675 	03382925-0723304 	-0.025 	0.19 		
17351 	23319 	03425006-3718487 	0.245 	0.2 		
19780 	27256 	04142547-6228258 	0.155 	0.18 		
23685 	32887 	05052766-2222157 	-0.15 	-0.47 		
25993 	36848 	05325141-3830482 	0.295 	0.19 		
29575 	43023 	06135423-0344291 	-0.1 	-0.03 	-0.01 	
33160 	50778 	06541141-1202188 	-0.41 	-0.66 		
34622 	54810 	07101368-0414139 	-0.25 	-0.24 	-0.11 	
37204 	60986 	07383286+3502546 	0.075 	0.21 	0.18 	
39079 	65695 	07594415-0340464 	-0.14 	-0.01 		
46390 	81797 	09273524-0839308 	-0.05 	-0.26 		
48356 	85444 	09512869-1450478 	0.03 	0.11 	0.14 	
54029 	95808 	11031488-1118124 	-0.01 	0.15 		
60260 	107446 	12212161-6024040 	-0.215 	-0.85 		
61359 	109379 	12342324-2323483 	0.1 	0.09 		
63608 	113226 	13021059+1057329 	0.105 	0.18 		
64725 	115202 	13155873-1956348 	0.025 	0.07 	0.11 	
64962 	115659 	13185528-2310173 	0.02 	0.21 		
66763 	119126 	13410232+2229449 	-0.015 	0.08 		
70027 	125560 	14194524+1618250 	0.24 	0.23 		
72631 	130952 	14510106-0217569 	-0.365 	-0.11 		
80910 	148760 	16312285-2632154 	0.17 	0.3 	0.17 	
86219 	161178 	17370888+7227209 	-0.11 	0.05 		
88765 	165760 	18071836+0844017 		0.2 		
91105 	171391 	18350240-1058380 	0.01 	0.13 	0.22 	
100062 	192879 	20180139-2148357 	-0.065 	-0.05 		
105515 	203387 	21221480-1650042 	0.04 	0.08 	0.05 	
111515 	213986 	22353637-2359281 	0.125 	0.19 		
118209 	224533 	23584037-0333214 	0.06 	0.22 		
43634 	75782 	08531153+3704132 	0.29 	0.17 		
84801 	156826 	17195956-0555028 	-0.1 	0.04 	-0.15 	
88217 	164507 	18005728+1505365 	0.19 	0.65 	0.22 	
90729 	170829 	18304166+2048544 	0.13 	0.42 	0.2 	
108506 	208801 	21585496-0422226 	0.11 	0.01 	0.35 	
113994 	218101 	23050631+1633466 	0.18 	0.34 	0.34 	
69316 	124186 	14111512+3217451 	0.27 	0.14 		
73568 	133124 	15020649+2500290 	-0.14 	-0.53 	-0.08 	
80693 	148513 	16283398+0039540 		-0.44 		
86667 	161074 	17422836+2433506 	-0.18 	-0.39 		
13055 	16458 	02474766+8126546 	-0.57 	0.36 	0.01 	
32329 	48565 	06445490+2051382 	-0.64 	-0.27 	0.04 	
46155 	81192 	09244531+1947115 	-0.595 	-0.49 		
3206 	3765 	00404929+4011133 	0.18 	0.07 	1.01 	
4290 	5294 	00545929+2406013 	-0.17 	-0.16 	0.44 	
10321 	13507 	02125499+4040061 	-0.02 	0.14 	0.54 	
10629 	13783 	02164918+6457092 	-0.75 	-0.36 		
16930 	22556 	03375247+0538288 	-0.17 	0.04 		
17409 	23050 	03434769+4236121 	-0.36 	-0.11 		
17936 	24053 	03500889+0637144 	0.04 	0.14 		
18097 	24206 	03520556+2240185 	-0.08 	-0.01 		
21010 	28447 	04302003+2807548 	-0.09 	0.04 		
21436 	29150 	04361396+2132116 		0.04 		
28428 	40616 	06001379+0450079 	-0.22 	-0.26 	0.31 	
29991 	43856 	06184832+0643314 	-0.19 	-0.01 	0.21 	
36285 	58595 	07281058+4039238 	-0.31 	-0.11 		
40497 	68638 	08160636+5705392 	-0.24 	-0.16 	0.25 	
41209 	70923 		0.06 	-0.06 	0.74 	
41484 	71148 	08273677+4539112 	0.02 	-0.02 	0.44 	
46404 	81809 	09274680-0604164 	-0.28 	0.135 	-0.01 	
46580 	82106 	09295482+0539184 	0.04 	-0.16 	0.19 	
50513 	89251 	10185978+5124198 	-0.12 	0.04 		
55427 	98630 	11210250+0703519 	0.22 	0.12 	0.64 	
65530 	117043 	13255983+6315406 	0.21 	0.14 	0.48 	
65982 	117635 	13314000-0219027 	-0.415 	-0.16 	0.35 	
67105 	119802 	13451470+0850094 	-0.05 	-0.11 	0.78 	
76382 	139341 	15360229+3948092 	0.21 	0.34 		
95772 	183341 	19284639+1101372 	-0.01 	0.09 	0.38 	
96948 	186104 	19422975+0135116 	0.05 	0.545 	0.61 	
98192 	189087 	19571345+2949265 	-0.12 	-0.06 		
99367 	191533 	20100779+0826363 	-0.1 	-0.16 	0.37 	
101059 	195104 	20291169+0427238 	-0.19 	-0.16 	0.26 	
104733 	202108 	21125763+3048340 	-0.21 	-0.06 		
105399 	203235 	21205579+0307053 	0.05 	0.04 	0.35 	
105766 	204521 	21251680+7028390 	-0.69 	-0.345 		
106707 	205702 	21365330+0548533 	0.01 	-0.01 	0.49 	
109527 	210667 	22111191+3615230 	0.15 	0.14 		
111372 	213657 	22334705-4203134 	-2.095 	-1.19 		
113896 	217877 	23035726-0447417 	-0.105 	0.355 	0.08 	
114273 	218527 	23084093+0207404 	-0.34 	0.05 		
656 	330 	00080466+5347465 	-0.24 	-0.18 	0.15 	
2712 	3079 	00342967+4754557 	-0.14 	-0.16 		
3132 	3440 	00394719+8229374 	-0.33 	-0.29 		
3014 	3532 	00382122+1942179 	-0.355 	-0.22 		
4127 	5065 	00525176+4014440 	-0.11 	0.07 		
5016 	6250 	01041662+5412154 	-0.21 	0.01 		
5106 	6312 	01052644+6343169 	-0.24 	-0.14 		
6975 	9091 	01294865+2341256 	-0.31 	-0.26 		
7357 	9670 	01344887+0056406 	-0.27 	-0.06 		
11237 	14877 	02243973+2226020 	-0.42 	-0.36 		
16723 	22255 	03351015+0542503 	-0.31 	-0.11 		
17022 	22521 	03385721+4232178 	-0.25 	0.01 		
17231 	22718 	03412565+5049176 	-0.1 	-0.11 		
17655 	23438 	03465281+4151337 	-0.26 	-0.13 		
19631 	26421 	04122294+3742434 	-0.385 	-0.22 		
20754 	27816 	04264953+5814263 	-0.48 	-0.38 		
26100 	36667 	05335999+1535042 	-0.42 	-0.22 		
36481 	59360 	07302337+1948502 	-0.15 	-0.05 		
42343 	73400 	08375756-0852536 	-0.23 	0.04 		
49246 	86884 	10031190+5805521 	-0.25 	-0.07 		
50319 	89010 	10163231+2330111 	-0.01 	0.465 	0.15 	
51784 	91638 	10345021-0353587 	-0.29 	-0.03 		
55666 	99126 	11242175-0554358 	-0.19 	0.06 		
56186 	100067 	11310109+3218594 	-0.37 	-0.04 		
57117 	101716 	11423459+4347220 	-0.13 	-0.12 		
57300 	102080 	11445837+2724259 	-0.36 	-0.23 		
59735 	106510 	12150146+3008292 	-0.44 	-0.28 		
63354 	112756 	12585512+0506233 	-0.35 	-0.02 		
72199 	130253 	14460235+3653285 	-0.11 	-0.2 		
73768 	133641 	15044515+2527369 	-0.43 	-0.27 		
77159 	140750 	15451515+0442296 	-0.24 	-0.09 		
79837 	146946 	16174594+3148154 	-0.4 	0.28 	0.25 	
82935 	152986 	16565367-0202550 	-0.17 	-0.09 		
84217 	155646 	17125434+0021072 	-0.12 	-0.12 		
99607 	192145 	20125091+1605437 	-0.315 	0.45 	-0.07 	
104421 	201490 	21091067+3022353 	-0.25 	-0.1 		
104514 	201639 	21101426+2044369 	-0.5 	-0.21 		
105202 	202884 	21183718+0857346 	-0.26 	0.09 		
106157 	204712 	21300845+1216145 	-0.485 	-0.21 		
109090 	209858 	22055404+2758018 	-0.27 	-0.02 		
110788 	212858 	22264335+3646117 	-0.37 	-0.2 		
111723 	214435 	22375233+1459117 	-0.25 	-0.28 		
111748 	214557 	22381163+4549403 	0.07 	0.29 		
114729 	219306 	23142599+4341533 	-0.27 	-0.26 		
115220 	219983 	23201582-0355088 	-0.2 	-0.13 		
117582 	223583 	23504415+4149398 	-0.45 	-0.44 		
394 	225239 	00045378+3439355 	-0.48 	-0.395 		
11432 	15176 	02272778+3148045 	-0.075 	-0.02 		
51047 	90250 	10254492+3525312 	0.015 	0.08 		
476 	87 	00054195+1323465 	-0.07 	0.17 		
671 	360 	00081755-0849266 	-0.095 	0.09 		
729 	448 	00090243+1812432 	0.07 	0.25 	0.14 	
3231 	3817 	00410716+3927312 	-0.11 	0.01 		
4906 	6186 	01025662+0753247 	-0.3 	-0.14 	-0.06 	
6999 	9057 	01300611+4700260 	0.07 	0.16 		
8404 	11037 	01482601+0341076 	-0.14 	-0.05 	-0.01 	
10326 	13692 	02130098-2100006 	-0.165 	-0.17 		
10642 	14129 	02165903-0625193 	0.01 	0.18 	0.08 	
12273 	15920 	02380205+7249057 	-0.03 	0.27 	0.17 	
14668 	19476 	03092976+4451271 	0.14 	0.24 	0.3 	
17595 	23526 	03460936+0648126 	-0.15 	-0.07 	-0.06 	
22479 	30814 	04501160-1613020 	0.04 	0.02 	0.05 	
23221 	32008 	04595045-1015478 	-0.21 	0.39 	-0.01 	
27280 	38527 	05465213+0931205 	-0.11 	0.01 	0.01 	
27483 	38656 	05491042+3910519 	-0.13 	0.01 	0.02 	
29246 	41597 	06095902+5856084 	-0.545 	-0.33 	-0.41 	
29696 	43039 	06152269+2929535 	-0.32 	-0.19 		
33449 	50522 	06571661+5825221 	0.05 	0.78 		
33421 	51000 	06570052+3340516 	-0.04 	0.13 		
34440 	54131 		-0.12 	-0.03 		
35005 	55730 	07143262+1206570 	-0.155 	0.05 	0.03 	
35846 	57727 	07232854+2503021 	-0.09 	0.28 		
38375 	64152 	07514303-2110252 	0.06 	0.31 		
40084 	68290 		0.06 	0.21 	0.19 	
43103 	74739 	08464184+2845356 	-0.025 	0.05 		
43067 	74918 		-0.12 	0.08 	0.07 	
45412 	79452 	09151428+3438003 	-0.74 	-0.46 		
45751 	80499 	09194638-1158294 	-0.06 	0.17 	0.12 	
46880 	82734 	09331246-2106567 	0.22 	0.41 	0.31 	
47029 	82741 	09350382+3937175 	-0.15 	-0.03 	-0.03 	
47570 	83805 	09420035+3945282 	0.045 	0.15 	0.07 	
51808 	91190 	10350550+7542464 	0.01 	0.18 		
51775 	91612 	10344802+0657136 	-0.2 		-0.07 	
52689 	93291 	10462527+1411407 	-0.08 	0.12 		
53377 	94497 	10545820+3402052 	-0.165 	-0.18 		
55650 	99055 	11240233+0124279 	-0.055 	0.14 		
55797 	99283 	11255710+5551017 	-0.12 	-0.02 	0.01 	
56583 	100696 	11360276+6919229 	-0.32 	-0.2 	-0.15 	
56647 	100920 	11365692-0049259 	-0.17 	-0.04 		
60485 	107950 	12240149+5133439 	0.04 	-0.01 		
60646 	108225 	12255094+3901073 	0.08 	0.26 		
61309 	109317 	12333893+3314514 	-0.055 	0.07 		
63533 	113095 	13010963+1707234 	-0.035 	0.1 		
64179 	114256 	13091244+1001208 	0.04 	0.18 		
65550 	116957 	13261658+4601411 	-0.08 	0.04 	0.04 	
66098 	117818 	13325807-1009541 	-0.305 	-0.17 		
66320 	118219 	13353129-0523464 	-0.3 	-0.13 		
67210 	120048 	13461908+3830131 	0.11 	0.17 		
67485 	120787 	13494550+6129216 	-0.325 	-0.12 		
70012 	125454 	14193249-0215560 	-0.1 	-0.09 		
71837 	129336 	14414352+1139384 	-0.2 	0.05 		
72125 	129972 	14451445+1657513 	-0.02 	0.07 		
72573 	133002 	14502043+8230431 	-0.33 	-0.15 	0.43 	
73634 	133392 	15030608+3512208 	0.09 	0.16 		
73909 	134190 	15061672+5433228 	-0.385 	-0.19 	-0.25 	
77738 	142531 	15521656+5549361 	0.045 	0.06 		
79882 	146791 		-0.07 	0.06 	0.14 	
80343 	147700 	16240618-2002147 	-0.1 	0.02 		
80331 	148387 	16235949+6130509 	-0.07 	0.07 		
80793 	148604 	16294693-1433031 	-0.1 	0.4 		
80894 	148786 		0.175 	0.12 		
82764 	152815 	16545517+2057304 	-0.16 	0.06 	0.09 	
83367 	154084 	17021868+2530201 	-0.155 	-0.02 		
83854 	154779 	17081485-1736325 	0.095 	0.16 		
84656 	156891 	17182323+3848407 	0.08 	0.04 		
85207 	157527 	17244204-2126292 	0.07 	0.21 		
89587 	167768 	18165311-0300262 	-0.7 	-0.47 	-0.14 	
89918 	168656 	18205206+0322379 	-0.08 	0.06 		
90642 	170474 	18294099-0159069 	0.005 			
93197 	176707 	18585939+5048329 	-0.25 	-0.03 		
93683 	177241 	19044099-2144294 	-0.01 	0.08 	0.04 	
95498 	182762 	19252860+1947546 	-0.07 	-0.03 	0.08 	
97118 	186675 	19441660+3721156 	0.01 	0.1 	0.12 	
97783 	187739 	19521200-1902420 	-0.13 	0.08 	-0.08 	
98110 	188947 		0.08 	0.18 		
100541 	194013 	20231070+0520345 	-0.06 	0.15 		
102026 	196857 	20403252-1607268 	-0.29 	-0.22 		
104459 	201381 	21093564-1122180 	-0.005 	0.18 	0.19 	
107188 	206453 	21423950-1851586 	-0.4 	-0.21 		
108868 	209396 	22031646-0631208 	0.09 	0.23 	0.18 	
109466 	210434 	22103374-0416007 	0.185 	0.35 		
110003 	211391 	22165002-0747001 	0.12 	0.24 		
110532 	212320 	22233214-0711398 	-0.165 	-0.22 		
111362 	213930 	22334064+5637289 	0.15 	0.33 		
112242 	215373 		0.1 	0.16 		
112590 	215943 	22481104+3725000 	-0.04 	0.11 		
113521 	217264 	22592744+0057464 	0.12 	0.11 	0.34 	
114971 	219615 	23170996+0316563 	-0.61 	-0.38 	-0.25 	
116591 	222093 		-0.15 	-0.07 		
117375 	223252 		-0.03 	0.1 	0.14 	
16266 	21665 	03293914-0648159 	0.05 	0.21 		
17058 	22695 	03392574+1632121 	0.085 	0.21 		
17057 	22799 	03392541-1026140 	-0.145 	0.09 		
17120 	22819 	03395956-0107164 	-0.005 	0.16 		
17408 	23183 	03434719+1939542 	-0.21 	-0.15 	-0.12 	
20848 	28322 	04280363+0151306 	-0.09 	-0.08 	-0.02 	
27046 	37638 	05440844+6128356 	-0.03 	0.15 		
28622 	41125 	06023380-1429497 	-0.05 	0.06 		
29789 	43261 	06161904+2358120 	-0.02 	0.24 		
40231 	68461 	08125972+1630516 	-0.12 	0.3 		
41067 	70673 	08224685-1303171 	-0.125 	0.09 		
45033 	78715 	09102085+2159469 	-0.09 	0.12 		
46869 	82638 	09330197-0830194 	-0.16 	-0.01 		
63952 	113994 	13062286+6202306 	-0.275 	-0.08 		
66690 	119035 	13401558+3100433 	-0.34 	-0.22 		
83359 	154633 	17021572+6436025 	0.145 	0.59 		
91606 	173398 	18405640+6244581 	0.165 	0.31 		
97402 	187193 	19474853+2523025 	-0.12 	0.22 		
100969 	194953 	20281679+0256137 	-0.11 	0.1 		
104172 	201051 	21062348+2655276 	-0.005 	0.15 		
106872 	206027 	21384516+2529556 		0.14 		
24336 	33866 	05132503+0341138 	-0.18 	0.45 	0.4 	
29074 	41708 	06075904+2725418 	0.045 	0.82 	0.19 	
62527 	111513 	12484915+6122420 	0.11 	0.75 	0.33 	
62606 	111540 		0.11 	0.75 	0.4 	
74442 	135145 	15124774+2755356 	-0.08 	0.55 	0.25 	
84824 	156968 	17201162+0927395 	-0.14 	0.51 	0.11 	
12114 	16160 	02360498+0653140 	-0.11 	0.12 	0.47 	
30630 	45088 	06261024+1845249 	-0.21 	-0.08 	1.01 	
33817 	52698 	07011370-2556555 	0.16 	0.285 	0.62 	
69673 	124897 	14153968+1910558 	-0.565 	-0.34 	-0.34 	
98698 	190007 	20024703+0319344 	0.16 	0.12 	0.53 	
45983 	80607 	09223972+5036139 	0.29 	0.84 	0.39 	
100269 	193555 	20201536+1532344 	0.39 	0.64 	0.47 	
42173 	72946 	08355126+0637218 	0.16 	0.405 	0.38 	
42430 	73752 	08390794-2239427 	0.235 	0.785 	0.56 	
57001 	101563 	11410835-2911463 	-0.03 	0.22 	0.01 	
102532 	197964 		0.145 	0.48 		
2926 	3411 	00370717+2400506 	0.325 	0.48 	0.4 	
3786 	4656 	00484094+0735058 	-0.21 	-0.66 	-0.22 	
4801 	6037 	01013864-1615557 	0.175 	0.37 	0.23 	
5170 	6559 	01060770-2359325 	0.02 	0.02 		
5586 	7106 	01113963+3005229 	0.015 	-0.03 	0.02 	
5936 	7578 	01161893+3306531 	0.225 	0.27 		
6537 	8512 	01240142-0810596 	-0.105 	0.03 	-0.06 	
6732 	8763 	01264167+1914255 	0.025 	0.07 		
7007 	9138 	01301114+0608377 	-0.41 	-0.38 	-0.26 	
9862 	13004 	02065204-1908200 	0.125 	0.24 	0.12 	
11313 	14872 	02253742+5016431 	-0.155 	-0.61 	-0.1 	
11924 	15866 	02335423+3134502 	0.24 	0.54 	0.35 	
13197 	17713 	02495096-2433371 	-0.015 	-0.03 	-0.01 	
14315 	19121 	03043807+0151488 	-0.195 	-0.12 	-0.11 	
15900 	21120 	03244879+0901437 	-0.15 	0.01 	0.1 	
16142 	21530 	03280097-1117119 	0.23 	0.16 	0.23 	
16274 	21760 	03294906-2230197 	0.04 	-0.05 	0.07 	
16335 	21552 	03303447+4759426 	-0.29 	-0.48 	-0.23 	
19036 	25627 	04043958+1731032 	0.115 	0.19 	-0.03 	
19601 	26625 	04120025-1716290 	0.11 	0.2 	0.17 	
19641 	26546 	04123136+1716388 	0.075 	0.07 	0.11 	
20250 	27382 	04202122+2721027 	-0.335 	-0.29 	-0.24 	
20892 	28479 	04283903-1927317 	0.195 	0.34 	0.16 	
22176 	30197 	04461683+1844051 	0.16 	0.17 	0.17 	
24331 	33856 		0.24 	0.44 	0.31 	
25475 	35521 	05265128+3315442 	0.155 	0.37 	0.21 	
25730 	35984 	05294065+2911113 	0.07 	0.83 		
28139 	40020 	05564945+1131158 	0.15 	0.08 		
28358 	40035 	05593160+5417047 	-0.03 	0.01 	0.08 	
28390 	40083 	05594794+5432492 	0.255 	0.34 	0.34 	
29294 	42621 	06103469-2709154 	0.045 	0.13 	0.09 	
29692 	43429 	06151773-1828379 	0.09 	0.01 		
31084 	46184 	06312304-1223311 	0.06 	0.11 	0.06 	
32249 	48433 		-0.125 	0.02 	-0.09 	
35710 	57264 		-0.36 	-0.36 	-0.3 	
36325 	58898 	07283989+2733102 	-0.015 		-0.01 	
37069 	61191 	07370351-2648591 	0.055 	0.14 	0.18 	
38868 	65066 	07571587+0838285 	0.11 	0.23 		
39180 	65735 	08004810+1948583 	0.03 	0.18 		
39326 	66242 	08022596-0620134 	-0.195 	-0.08 	-0.01 	
40997 	70522 	08220016-1346060 	0.035 	0.17 	0.08 	
41909 	72292 	08324250+2026281 	0.105 	0.21 	-0.03 	
42010 	72505 	08334505+1315264 	0.19 	0.26 	0.1 	
42402 	73471 	08384544+0320293 	0.115 	0.15 	0.08 	
42911 	74442 	08444109+1809158 		0.06 	0.04 	
43903 	75958 	08563744+6436137 	-0.14 		-0.07 	
47056 	83087 	09352463-2241096 	-0.01 	0.07 	0.12 	
47310 	83425 	09382728+0438572 	-0.375 	-0.45 	-0.32 	
49530 	87682 	10064741+0536414 	0.05 	0.2 	0.25 	
49841 	88284 	10103529-1221145 	0.23 	0.3 	0.32 	
50851 	89962 	10230044+0632333 	0.15 	0.38 	0.14 	
52085 	92214 	10383497-1652355 	-0.015 	0.1 	0.08 	
52686 	93257 	10462453+1853294 	0.17 	0.3 	0.1 	
53426 	94600 	10554441+3330250 	-0.105 	-0.1 		
55374 	98579 	11201888-2819559 	0.065 	0.16 	-0.05 	
56146 	100006 	11302904+1824353 	-0.12 	-0.09 	-0.07 	
56864 	101321 	11393015-1311035 	-0.16 	-0.08 		
57477 	102328 	11465561+5537416 	0.235 	0.43 	0.39 	
58654 	104438 	12013949+3602315 	-0.085 	-0.08 		
58849 	104819 	12041093-2222158 	0.265 	0.4 	0.46 	
59285 	105639 	12094131+0153522 	0.07 	-0.01 	-0.02 	
60172 	107328 	12202099+0318453 	-0.45 	-0.33 	-0.44 	
60221 	107418 	12205571-1333566 	0.02 	0.05 	0.05 	
60305 	107610 	12215625+4710558 	0.225 	0.34 	0.16 	
62886 	112033 		0.24 	0.42 	0.3 	
62915 	112048 	12533810-0413286 	0.035 	0.21 	0.01 	
63142 	112357 	12561722-1937535 	-0.185 	-0.06 	0.01 	
64078 	114038 	13075381-1044257 	0.085 	0.32 	0.24 	
64751 	115319 	13161427+1903062 	-0.195 	-0.09 	-0.05 	
65187 	116204 	13213226+3852498 	-0.13 	0.09 	0.1 	
67494 	120452 	13495230-1808029 	0.03 	0.09 		
67929 	121299 	13544214-0130112 	0.145 	0.19 	0.13 	
70336 	126035 	14232564-1142504 	0.115 	0.14 		
70344 	126265 	14233131+3919402 	0.045 			
70414 	126271 	14241827+0805045 	-0.02 	0.05 	-0.05 	
70692 	127700 	14273149+7541451 	-0.14 	-0.32 	-0.12 	
71132 	127740 	14324950+1403391 	-0.125 	0.76 		
71697 	128853 	14395925-2708031 	-0.165 	-0.2 	0.08 	
73193 	132132 	14573326-0010036 	0.12 	0.15 	0.17 	
73620 	133165 	15025403+0205286 	-0.15 	-0.12 	-0.01 	
73927 	133670 	15062713-2201545 	-0.08 	-0.03 		
76006 	138525 	15312231+3636597 	-0.035 	0.34 	0.28 	
76569 	139329 	15381626-2100587 	-0.17 	-0.17 	-0.09 	
78481 	143666 	16011433+1749056 	-0.14 	-0.11 	-0.06 	
79581 	146084 	16141359+0554065 	0.06 	0.16 	0.09 	
79666 	146388 	16152865+1848293 	0.12 	0.18 		
80514 	148228 	16261138+1124268 	-0.07 	-0.11 		
80543 	148317 	16263921+1558214 	0.14 	0.38 	0.18 	
81437 	150449 	16380044+5600559 	-0.035 	-0.08 	0.05 	
82730 	152601 	16543569-0609143 	0.145 	0.06 	0.13 	
83504 	154278 	17035804+1334029 	-0.195 	-0.13 		
83575 	154732 	17044978+4848144 	0.025 	0.12 	-0.01 	
83692 	154733 	17061804+2205027 	-0.055 	-0.12 	-0.1 	
84402 	155970 	17152029-1435032 	0.16 	0.18 	0.25 	
86742 	161096 	17432835+0434022 	0.24 	0.37 	0.24 	
86906 	161502 	17452726+1108407 	-0.35 	-0.28 	-0.19 	
87224 	162113 	17491903+0157409 	0.04 	-0.08 	0.02 	
87308 	162555 	17502290+2919197 	-0.05 		0.03 	
88836 	166229 	18080227+3624046 	0.18 	0.25 	0.16 	
89153 	166464 		-0.08 	-0.08 	0.01 	
89592 	167576 	18165748-2742573 	0.24 	0.33 	0.22 	
89604 	168322 	18170685+4056119 	-0.41 	-0.16 	-0.25 	
90135 	169156 	18233958-0856041 	-0.045 	0.07 	0.04 	
92088 	173780 	18460446+2639435 	-0.04 	0.05 	0.05 	
92689 	175535 	18531355+5042298 	0.015 	0.14 	0.09 	
92782 	176524 	18542388+7117499 		0.21 	0.13 	
92831 	175740 	18545217+4136098 	0.09 	0.19 	0.16 	
92872 	175515 	18552747+0636549 	-0.16 	-0.15 	-0.09 	
92986 	175940 	18563798+2811562 	0.055 	0.14 	0.05 	
93244 	176411 		0.155 	0.19 		
94302 	180006 	19114058+5651330 	0.145 	0.31 	0.2 	
95572 	182900 	19262413+1301256 	0.05 	0.76 		
95586 	182901 	19263193+1151040 	0.13 	1.44 	0.52 	
96365 	184574 	19353346-1215112 	-0.085 	-0.14 	0.01 	
96428 	184944 	19361568+1423280 	0.075 	0.22 	0.28 	
97070 	186815 	19433947+5702337 	-0.22 	0.06 	-0.02 	
97077 	186486 	19434291+2546188 	0.055 	0.27 	0.25 	
97499 	187195 	19490221-1052145 	0.105 	0.22 	0.17 	
98138 	188993 	19564168+3056501 		0.16 	0.065 	
98314 	189186 	19583262+0755144 	-0.385 	-0.28 	-0.19 	
100953 	194937 	20280754+0826147 	-0.04 	0.02 	0.08 	
101101 	195135 	20293899-0253078 	0.195 	0.47 	0.27 	
101936 	196758 		0.085 	0.12 	0.12 	
102388 	197752 	20445249+2516140 	-0.075 	-0.07 		
102453 	197912 		-0.045 	-0.01 		
103414 	199442 	20571057+0027495 	0.185 	0.27 	0.31 	
104557 	201567 	21104693-0921145 	0.155 	0.2 		
105411 	203344 	21210438+2351214 	-0.14 	0.08 	0.11 	
105497 	203644 	21220043+4923199 	0.1 	0.1 	0.1 	
106081 	204642 	21291537+2834589 	0.105 	0.26 	0.1 	
106551 	205512 	21344658+3832027 	0.01 	-0.09 	-0.01 	
106922 	205972 	21391520-1353413 	0.1 	0.09 		
107119 	206952 	21415530+7118411 	0.185 	0.05 	0.23 	
107230 	207130 	21430404+7219121 	0.15 	0.14 	0.28 	
108784 	209240 	22021183-1754124 	-0.045 	-0.01 	-0.02 	
109585 	210905 	22115688+5905043 	0.155 	0.36 	0.15 	
110089 	211607 	22180408+1357013 	0.15 	0.34 	0.2 	
110391 	212010 	22213556-2135535 	-0.185 	-0.26 	-0.09 	
111282 	213619 	22323942+1302402 	0.06 	1.07 		
112067 	214995 	22415746+1430590 	-0.015 	0.1 	-0.03 	
112997 	216489 	22530226+1650282 	-0.085 	0.65 	0.14 	
114842 	219409 	23154471-2950511 	-0.05 	-0.06 	-0.03 	
115227 	220009 	23202058+0522528 	-0.67 	-0.52 	-0.46 	
115919 	221115 	23290929+1245379 	0.065 	0.14 	0.16 	
117314 	223170 	23471591-1154399 	0.06 	0.06 		
3693 	4502 	00472037+2416017 	-0.47 	-0.11 		
4292 	5234 		-0.04 	-0.08 		
5928 	6319 	01161314+8708438 	0.17 	0.19 		
7884 	10380 	01412588+0529156 	-0.3 	-0.41 		
10053 	13174 		0.44 	0.8 		
10280 	13480 		-0.06 	0.68 		
22881 	31444 	04551865-1625042 	-0.07 	0.34 		
24479 	33618 	05151142+5924205 	0.29 	0.39 		
24608 	34029 	05164138+4559525 	-0.49 	-0.41 		
27118 	38309 	05450180+0400293 	-0.24 	0.5 		
27517 	39070 	05493654-1429010 	0.09 	0.57 		
28011 	39910 	05553017-0436595 	0.19 	0.16 		
31564 	47138 		0.63 	1.18 		
36962 	60522 	07355535+2653448 	-0.28 	-0.46 		
37636 	62141 	07432219+2223582 	-0.07 	-0.03 		
37908 	62721 	07460745+1830360 	-0.285 	-0.4 		
53064 	93875 	10512375+5919124 	0.27 	0.4 		
53423 	94672 	10554240+0044129 	-0.1 	0.86 		
55219 	98262 	11182874+3305393 	-0.22 	-0.05 		
55249 	98366 	11185496+0139012 	-0.06 	-0.04 		
60351 	107700 	12223029+2550461 	0.295 	0.6 		
62944 	112127 	12535573+2646479 	0.24 	0.48 		
64844 	115604 	13173256+4034213 	0.29 	1.25 		
65951 	117710 	13311578+4206222 	0.21 	0.22 		
75119 	136514 	15210200+0042552 	0.01 	0.1 		
76532 	139254 	15374802-2308300 	-0.01 	-0.02 		
81008 	149161 	16323628+1129168 	-0.42 	-0.58 		
83000 	153210 	16574007+0922299 	0.16 	0.2 		
87540 	162757 	17530353-1053585 	-0.1 	-0.19 		
87833 	164058 	17563637+5129197 	-0.22 	-0.63 		
90174 	169268 	18240358-0334592 	-0.53 	1.28 		
91726 	172748 	18421642-0903092 	0.04 	0.55 		
92997 	176408 	18564503+5748534 	0.1 	0.1 		
94954 	181214 	19191955+0708372 	0.02 	0.76 		
94648 	181984 	19153299+7321195 	0.24 	0.27 		
96229 	184406 	19340535+0722442 	0.115 	-0.05 		
97433 	188119 	19481035+7016045 	-0.27 	-0.2 		
98337 	189319 		-0.21 	-0.56 		
99913 	192836 	20161978+2135553 	0.08 	0.18 		
109068 	209747 	22054074+0503306 	-0.13 	-0.36 		
109005 	209960 	22050048+6247082 	-0.04 	-0.31 		
111761 	214448 	22382214-0753512 	0.4 	1.01 		
115088 	219916 		0.1 	0.57 		
115830 	220954 	23275810+0622442 	0.08 	0.04 		
115953 	221148 	23293207-0431575 	0.34 	0.54 	0.79 	
655 	344 	00080350-3331454 		-0.03 		
759 	483 	00091944+1732020 	-0.4 	0.91 		
2256 	2529 	00284312-5031583 	-0.03 	-0.08 		
3245 	3919 	00411956-4605060 	0.14 	0.31 		
3456 	4211 	00441209-3825181 	0.04 	0.01 		
5951 	7672 	01163630-0230012 	-0.43 			
7361 	9742 	01345079-3153323 	-0.03 	-0.02 		
7271 	10042 		-0.35 	-0.18 		
7921 	10615 	01414796-6047215 	0.23 	0.03 		
7568 	11025 	01372810-8446105 	0.01 	0.15 		
9459 	12524 	02014240-4442484 	-0.29 	-0.77 		
10111 	13423 	02100481-4348561 	-0.07 	0.07 		
11757 	16522 	02314057-7906339 	-0.18 	-0.1 		
13225 	17793 		0.03 	0.18 		
13244 	18293 	02502846-7504010 	0.13 	-0.18 		
16509 	22231 	03323480-5022432 	0.11 	-0.04 		
18199 	24706 	03533335-4653371 	0.16 	-0.03 		
19747 	26967 	04140010-4217396 	-0.005 	0.02 		
20535 	28028 	04240221-3401006 	-0.3 	-0.68 		
23446 	32515 	05022281-3146168 	0.17 	0.05 		
24424 	34253 	05142743-3610155 	-0.06 	0.93 		
25859 	36597 	05311274-3528139 	-0.07 	-0.12 		
27628 	39425 	05505760-3546062 	0.195 	0.07 		
28010 	40176 	05552990-3707143 	0.24 	0.2 		
28413 	40657 	06000335-0304270 	-0.64 	-0.56 		
28328 	40808 	05590881-4248545 	-0.02 	-0.07 		
29193 	42719 	06092771-5123220 	0.29 	1.23 		
29807 	43785 	06163313-3508257 	0.09 	0.09 		
31165 	46568 	06322139-3741479 	-0.27 	-0.23 		
32768 	50310 	06495616-5036523 	-0.02 	-0.11 		
34201 	54038 	07053272-4038255 	0.01 	0.38 		
37664 	62713 	07434192-4056014 	0.02 	-0.05 		
43109 	74874 	08464653+0625075 	-0.01 	0.72 		
60870 	108570 	12283361-5624279 	0.02 	0.48 		
68079 	121416 	13561979-4635346 	0.08 	-0.09 		
80060 	147135 	16202821-1254398 	-0.23 	0.33 		
98032 	188114 	19551570-4152056 	-0.35 	-0.3 		
98842 	190056 	20041958-3203226 	-0.66 	-0.67 		
104174 	200763 	21062467-3220298 	0.03 	-0.02 		
2595 	2954 	00325582+1610019 	0.01 	0.86 		
4382 	5418 	00560911+1357066 	0.01 	0.16 		
9237 	12116 	01584597-1118036 	-0.27 	-0.15 		
11930 	15533 	02335842+7117394 	0.19 	0.26 		
12111 	16150 	02360129+1345182 	-0.02 	-0.43 		
12205 	16314 	02370956+0224556 	0.07 	0.01 		
14355 	19210 	03051126-0816280 	0.16 	0.31 		
16226 	21585 	03290380+0314553 	-0.7 	-0.38 		
44246 	77232 	09003802-2112571 		0.48 		
59980 	106972 	12180414+1826060 	-0.02 	0.19 		
60290 	107569 	12214512+2152218 	0.07 	1.56 		
75810 	138085 	15291215+1623443 	-0.46 	-0.34 		
76209 	138686 	15340347-1413462 	-0.23 	-0.56 		
85289 	157935 	17254090+1623022 	-0.22 	-0.07 		
97144 	186535 	19444129+0843356 	0.04 	0.27 		
106306 	205011 	21315014+2350426 	-0.115 	0.085 		
110487 	212334 	22225028+3639325 	-0.11 			
113705 	217590 	23014357+0331512 	0.13 	0.23 		
116972 	222683 	23424385+1620085 	0.11 	0.19 		
118081 	224349 	23571011-2050012 	-0.19 	-0.05 		
8497 	11171 	01493510-1041110 	0.09 	1.79 		
25918 	37763 	05315292-7620282 	0.155 	0.32 		
46771 	82395 	09315674+1117593 	-0.08 	-0.14 		
46701 	82668 	09311329-5702035 	-0.18 	-0.26 		
55756 	99322 	11252946-3603470 	0.02 	0.07 		
62012 	110458 	12423546-4848469 	0.15 	0.08 		
76259 	138688 	15343732-2802494 	-0.06 	-0.24 		
79195 	145206 	16095052-0328000 	-0.12 	-0.66 		
79980 	146836 	16193272-3054244 	-0.18 	-0.18 		
81304 	149447 	16362247-3515192 	-0.31 	-0.67 		
82273 	150798 	16483989-6901398 	-0.12 	-0.04 		
83081 	152786 	16583719-5559244 	-0.26 	-0.55 		
85312 	157457 		0.1 	0.19 		
90067 	169191 	18224903+1749357 	-0.14 	-0.05 		
92914 	175545 	18555145-0044219 	0.11 	0.06 		
95865 	183275 		0.36 	0.42 		
105665 	203638 	21240959-2051068 	0.14 	0.01 		
48559 	85859 	09541234-2555564 	-0.02 	-0.16 		
93085 	175775 	18574379-2106238 	-0.02 	-0.03 		
417 	6 	00050380-0030109 	0.14 	0.17 		
716 	417 	00085212+2527467 	-0.13 	0.06 		
1076 	895 		0.25 	0.85 		
1319 	1227 	00163403+0814245 	0.11 	0.23 		
1562 	1522 	00192567-0849264 	0.12 	0.18 		
2100 	2273 	00263740-0002583 	-0.32 	-0.11 		
2734 	3166 	00345536+1322161 	0.04 	0.26 		
3092 	3627 	00391967+3051397 	0.115 	0.17 		
3179 	3712 	00403044+5632145 	-0.03 	0.07 		
3419 	4128 	00433536-1759117 	-0.025 	0.08 		
3697 	4526 	00472361+0644272 	0.15 	0.31 		
4185 	5118 	00532822+3725053 	0.11 	0.22 		
5364 	6805 	01083539-1010560 	0.1 	0.12 		
5679 	7229 		-0.15 	-0.01 		
6669 	8634 	01253566+2330411 	-0.055 	1.31 		
6670 	8705 	01253723-1435554 	-0.32 	-0.37 		
6868 	8949 	01282293+0757408 	0.19 	0.16 		
7097 	9270 	01312901+1520452 	-0.09 	0.08 		
7607 	9927 	01375956+4837417 	0.11 			
8645 	11353 	01512762-1020061 	-0.05 	0.02 		
9983 	13013 	02083356+4427341 	-0.31 	-0.11 		
10115 	13137 	02100774+5350352 	0.12 	0.29 		
10718 	13982 	02175989+5753593 	0.06 	0.17 		
11108 	14830 	02225761-1821174 	-0.42 	-0.14 		
11603 	15453 	02293535+0933563 	0.04 	0.13 		
11651 	15464 	02301659+3350011 	0.13 	0.1 		
12148 	16247 	02363506+0743479 	-0.17 	-0.1 		
12287 	16327 	02381782+3743362 	0.11 	1.32 		
12784 	17017 	02441912+1745501 	0.13 	0.11 		
13176 	17484 	02492690+3719350 	0.03 	0.05 		
14060 	18784 	03011001-0739469 	-0.07 	0.05 		
14104 	18832 	03015231+0520104 	-0.3 	-0.22 		
14748 	19637 	03102705+2653463 	-0.18 	-0.14 		
14817 	19656 		-0.07 	-0.05 		
15383 	20559 	03182239-0055490 	-0.15 	-0.01 		
15382 	20610 	03182211-2230400 	0.13 	0.39 		
15557 	20663 	03202557+2539460 	0.13 	0.15 		
15737 	20893 	03224525+2044315 	0.08 	0.09 		
15861 	21017 	03241847+2443267 	0.2 	0.27 		
19011 	25723 	04042270-1247320 	-0.03 	-0.02 		
19037 	25803 	04044091-2022548 	0.13 	0.15 		
19388 	26162 	04090996+1936332 	0.12 	0.14 		
19746 	26605 	04135968+3758017 	0.04 	0.27 		
19736 	26703 	04134982+1245134 	0.17 	0.21 		
19777 	26846 		0.21 	0.25 		
20985 	28505 	04300226+1015439 	-0.13 	-0.01 		
20997 	28625 	04301000-1335323 	0.03 	0.12 		
21408 	29104 	04354256+1952546 	0.16 	0.63 		
22220 	30138 	04464448+4018452 	0.21 	0.3 		
22957 	31421 		-0.25 	-0.2 		
23475 	32393 	05024539-0412364 	0.25 	0.33 		
24727 	34334 	05181056+3322181 	-0.41 	-0.27 		
25806 	36160 	05304334+2227441 	0.1 	0.18 		
26853 	37784 	05420399+2239373 	0.29 	0.39 		
27212 	38495 	05460287-0416067 	0.09 	0.14 		
27673 	39003 	05512939+3908544 	-0.01 	0.03 		
29949 	43380 	06181686+4621376 	0.06 	0.28 		
29982 	43821 	06184034+0902499 	0.03 	0.25 		
30517 	44867 	06245276+1603256 	-0.06 	0.05 		
31205 	46407 	06324687-1109590 	-0.17 	0.25 		
32990 	50282 	06522286-0518586 	0.12 	0.25 		
33271 	50384 	06551520+4549351 	0.08 	0.23 		
33415 	50763 	06565602+4642211 	0.09 	0.17 		
34250 	52708 	07060122+5948066 	0.28 	0.49 		
36896 	60318 	07350881+3057395 	0.12 	0.14 		
37949 	62066 	07464007+6527204 	0.03 	0.02 		
38211 	63697 	07494119-1713417 	0.1 	0.16 		
38307 	63894 	07505524-1107427 	0.12 	0.23 		
38959 	64958 	07581656+4358387 	0.01 	0.1 		
39424 	66216 		0.01 	0.06 		
41060 	69976 	08224403+6037524 	0.06 	0.21 		
41395 	71377 	08264197-1232046 	-0.08 	0.08 		
42365 	73192 	08381899+3248072 	0.07 	0.11 		
42538 	73596 	08401827+3156308 	0.03 	0.1 	0.02 	
42462 	73599 	08392458+0801029 	-0.04 	-0.09 		
43409 	75691 	08503193-2742356 	-0.12 	-0.15 		
43580 	75916 		0.02 	0.02 		
45559 	80050 	09170771-1434267 	-0.34 	-0.19 		
45811 	80586 		0.01 	0.13 		
46146 	81146 	09243927+2610564 	-0.06 	-0.01 		
46618 	82232 	09302249-1534384 	0.12 	0.15 		
46768 	82477 	09315572-1022130 	-0.19 	0.02 		
46904 	82522 	09333036+3629130 	0.06 	0.11 		
46893 	82674 	09331991-0711247 	0.02 	-0.02 		
47431 	83618 	09395135-0108341 	-0.16 	-0.17 		
48413 	85505 	09521199+0004320 	0.02 	0.19 		
48396 	85519 	09515953-1632052 	0.08 	0.15 		
48638 	85583 	09550333+6106581 	0.27 	0.3 		
48861 	86166 	09575683+4524514 	0.12 	0.01 		
48982 	86513 	09593621+2938429 	0.01 	0.04 		
50336 	89024 	10164179+2522146 	-0.08 	-0.08 		
50904 	89993 	10234175+2936575 	-0.21 	-0.19 		
50939 	90125 		-0.02 	-0.08 		
51161 	90472 	10270048+1921523 	0.08 	0.1 		
51233 	90537 	10275302+3642259 	0.11 	0.4 		
51401 	90633 	10295443+6537342 	0.15 	0.22 		
52353 	92424 	10415656+6542586 	0.15 	0.19 		
52943 	93813 	10493747-1611375 	-0.26 	-0.15 		
52948 	93833 	10494349-0951097 	-0.08 	-0.03 		
53043 	93859 	10511100+5634559 	-0.16 	-0.06 		
53740 	95272 	10594651-1817560 	0.055 	0.02 		
54061 	95689 	11034364+6145034 	-0.125 	0.04 		
54539 	96833 	11093979+4429544 	-0.04 	0.07 		
54842 	97501 	11134008+4105196 	0.11 	0.1 		
55282 	98430 	11192047-1446427 	-0.49 	-0.4 		
55412 	98499 	11205376+6706026 	0.23 	0.34 		
56410 	100470 	11335632+3648561 	-0.14 	0.03 		
56731 	101013 	11375301+5037056 	-0.165 	0.01 		
56756 	101112 	11380983+0853017 	0.17 	0.21 		
57214 	101933 	11435513-0640373 	-0.04 	0.1 		
57399 	102224 	11460303+4746457 	-0.44 	-0.3 		
58989 	105043 	12053972+6255594 	-0.15 	0.14 		
59316 	105707 	12100748-2237109 	-0.02 	0.07 		
59708 	106478 	12144341+5326045 	-0.01 	0.12 		
59728 	106485 	12145957-2050393 	0.21 	0.24 		
59856 	106760 	12163014+3303415 	-0.13 	-0.23 		
61134 	109014 	12313871-0503092 	-0.2 	-0.09 		
61246 	109217 	12330288+1017443 	0.12 	0.25 		
61320 	109345 	12334742+3323047 	-0.06 	0.06 		
61719 	109996 		0.16 	0.37 		
62356 	111067 	12463876+1634396 	-0.17 	-0.24 		
62653 	111591 		-0.1 	0.02 		
62763 	111812 	12514192+2732266 	0.17 	1.28 		
63494 	112992 	13003594-0322066 	0.08 	0.11 		
64077 	114092 	13075362+2733214 	0.08 	-0.03 		
64181 	114203 	13091423-0932173 	-0.09 	-0.01 		
64212 	114357 	13093865+3725231 	0.12 	0.15 		
64417 	114724 	13120838+2415291 	0.1 	0.15 		
64496 	114889 	13131240+1843370 	-0.17 	-0.06 		
65639 	116976 	13272717-1558245 	0.22 	0.31 		
66907 	119458 	13424344+3459202 	0.05 	0.24 		
67589 	121146 	13505915+6818551 	0.01 	0.15 		
68739 	122815 	14041455-0522530 	0.09 	0.06 		
68763 	122837 	14042698-1458180 	0.06 	0.1 		
69107 	123977 	14084604+5920154 	-0.17 	-0.09 		
69427 	124294 	14125374-1016254 	-0.43 	-0.5 		
69792 	124990 	14170379-1835087 	-0.13 	-0.03 		
71406 	128402 	14360687+2315013 	-0.05 	0.06 		
72373 	130325 	14475494-1250237 	-0.13 	0.04 		
73745 	133582 	15042675+2656514 	-0.23 	-0.12 		
74083 	134493 	15081952+5003179 	0.03 	0.12 		
74514 	135402 	15133560+3815530 	-0.17 	-0.12 		
75127 	136479 		0.24 	0.27 		
76470 	139063 	15370144-2808062 	-0.21 	-0.29 		
76425 	139195 	15362957+1000365 	-0.02 	0.16 		
76509 	139778 	15373198+5430313 	-0.03 	0.11 		
76594 	139906 	15383420+5025238 	0.1 	0.38 		
76651 	140117 	15390953+5755278 	0.12 	0.06 		
77048 	140716 	15435931+3230568 	-0.02 	-0.02 		
78132 	142980 	15571459+1424517 	0.17 	0.59 		
78685 	144046 		0.07 	0.14 		
79164 	145694 	16092599+5549443 	0.07 	0.16 		
80558 	148287 	16265005+0220525 	-0.06 	0.12 		
80161 	148293 	16214873+6906337 	0.21 	0.18 		
80710 	148880 		-0.02 	0.06 		
81632 	150259 	16403450-2024312 	-0.05 	-0.02 		
82780 	152863 		-0.14 	0.1 		
83688 	154619 	17061305+1027138 	-0.03 	0.15 		
83947 	155410 	17093325+4046371 	-0.06 	0.01 		
84113 	155500 	17114523+0753411 	-0.21 	-0.1 		
84514 	156266 	17163669-0026430 	0.17 	0.24 		
85749 	158837 	17312134+0243283 	0.31 	0.56 		
86130 	159926 	17360811+2811063 	0.07 	-0.03 		
86391 	160315 	17390849+0201412 	0.06 	0.1 		
86506 	160822 		-0.1 	0.03 		
86561 	161193 	17412179+5149051 	0.25 	0.29 		
87194 	162211 	17484915+2537224 	0.075 	0.14 		
87428 	162596 	17515944-0114124 	-0.22 	-0.31 		
88020 	164280 	17584232+3617161 	0.08 	0.23 		
88929 	166411 	18091022+3028098 	0.06 	0.07 		
89931 	168454 	18205962-2949412 	-0.14 	-0.05 		
89826 	168775 	18195170+3603523 	0.13 	0.13 		
90139 	169414 	18234188+2146108 	-0.08 	0.05 		
91117 	171443 	18351242-0814383 	-0.09 	-0.13 		
91523 	172424 	18395160+0721311 	-0.01 	0.2 		
92845 	175190 	18550714-2240168 	-0.18 	0.05 		
93429 	176678 	19014083-0544209 	-0.05 	-0.09 		
93354 	176896 	19005519+3348080 	0.06 	0.13 		
93717 	177463 	19045767-0401530 	-0.32 	-0.4 		
93864 	177716 	19065640-2740133 	-0.18 	-0.12 		
94916 	181122 	19185275+0937052 	-0.13 	0.03 		
95222 	181907 	19222154-0015083 	-0.08 	-0.03 		
95235 	182272 	19223335+3331053 	0.15 	0.21 		
95370 	182635 	19240606+3627072 	-0.11 	-0.09 		
95822 	183492 	19292214+1435456 	0.06 	0.11 		
96706 	185955 	19393452+4557268 	0.04 	0.16 		
97635 	188056 	19503773+5259168 	0.08 	0.13 		
99529 	191753 	20115791-1223327 	-0.18 	-0.23 		
99445 	191814 	20110354+2108043 	-0.4 	-0.17 		
100515 	194220 	20225551+4259007 	0.2 	0.24 		
100587 	194317 	20235162+3211245 		-0.15 		
101245 	195820 	20312114+5218341 	-0.03 	0.08 		
101899 	196852 	20385952+3020033 	0.03 	0.14 		
102158 	197249 	20415815+1731171 	-0.3 	-0.07 		
102499 	198181 		-0.12 	0.18 		
103226 	199012 	20544780-1755222 	-0.51 	-0.11 		
103569 	199766 	20590444+0417366 	-0.05 	0.93 		
103929 	200740 	21032610+5021068 	0.17 	0.31 		
105502 	203504 	21220519+1948163 		0.06 		
105370 	203574 	21203346+6045227 	-0.11 	0.01 		
105695 	203842 	21242456+1010272 		1.45 		
106944 	206067 		-0.07 	-0.01 		
107445 	207088 	21454451+3551262 	-0.23 	-0.05 		
107502 	207134 	21462393+2533484 	0.05 	0.21 		
108632 	209149 	22002669+3300212 	0.07 	1.0 		
109445 	210461 	22102203+1437473 	0.14 	0.28 		
109730 	211006 	22133868+2836287 	0.16 	0.18 		
110009 	211392 	22165257-0902244 	0.01 	0.15 		
110919 	213242 	22281947+6405064 	0.22 	0.22 		
112358 	215510 	22452819+1921591 	-0.08 	0.03 		
113084 	216646 	22540698+4022367 	0.18 	0.2 		
113360 	217019 	22573280+0348370 	0.01 	-0.06 		
114341 	218594 	23092678-2110209 	-0.14 	0.03 		
115171 	219962 	23194137+4822513 	0.02 	0.01 		
115438 	220321 	23225823-2006021 	-0.39 	-0.33 		
115768 	220858 	23271479+0107213 	-0.07 			
115915 	221113 	23290566+2302530 	-0.03 	0.05 		
116292 	221661 	23334298+4503291 	0.12 	0.26 		
116368 	221745 	23344937-1514457 	-0.05 	-0.13 		
116355 	221758 	23343820+3329501 	0.1 	0.13 		
117301 	223165 	23470345+5839072 	0.06 	0.08 		
4914 	6203 	01030253-0450114 	-0.32 	-0.25 		
54291 	96484 	11062751-5057242 	0.22 	0.09 		
57349 	102158 	11453058+4740011 	-0.435 	0.99 	0.08 	
8383 	11038 	01480447-2213239 	-0.26 	0.43 	0.15 	
62129 	110745 	12435936+2719296 	0.085 	0.86 	0.09 	
62800 	111799 	12520746-2627412 	0.12 	0.91 	0.3 	
62839 	112068 	12523653+6635520 	-0.51 	0.03 	-0.09 	
63048 	112257 	12550826+2745589 	-0.03 	1.33 	0.3 	
63778 	113470 	13042111-2641126 	-0.21 	0.59 	0.09 	
67661 	120730 	13514644-2855577 	-0.01 	0.37 	0.25 	
68623 	122967 	14025065+6216117 	0.63 	1.63 		
73593 	133161 	15023305+1603177 	0.185 	0.95 	0.27 	
11053 	14624 	02221678+2616092 	0.11 	0.68 	0.43 	
11505 	15069 	02282069+6213084 	0.02 	0.59 	0.34 	
81880 	150933 	16433009+2042580 	0.135 	0.93 	0.36 	
81947 	151426 	16442110+5454598 	-0.1 	0.43 	0.25 	
82233 	151450 	16480184-1557504 	-0.045 	0.85 	0.3 	
11367 	15189 	02262635-1352474 	0.01 	0.7 	0.3 	
84497 	156062 	17162982-2733558 	-0.02 	0.82 	0.51 	
91215 	171706 	18362735-0434303 	-0.07 	0.71 	0.16 	
93375 	176367 	19010604-2842502 	0.11 	1.45 	0.45 	
96142 	184152 	19325424+0724160 	-0.27 	0.28 	0.19 	
96379 	184700 	19354488-0014251 	-0.17 	0.5 	0.14 	
15199 	20339 	03155340-1447567 	-0.02 	0.7 	0.26 	
106356 	205027 	21322852+0100439 	-0.36 	0.31 	0.17 	
111029 	213338 	22293475+5223250 	0.07 	0.62 	0.3 	
115223 	220008 	23201825+0652207 	-0.21 	0.37 	0.02 	
117259 	223110 	23463445+5509081 	0.14 	1.79 	0.09 	
16792 	22455 	03360798-1705026 	0.04 	0.75 	0.16 	
17603 	23349 	03461537+4227164 	0.12 	0.82 	0.33 	
17790 	23476 	03483000+5746035 	-0.38 	0.35 	0.35 	
110327 	239928 	22204573+5606498 	0.05 	0.72 	0.17 	
2288 	2582 	00291369-2455512 	0.13 	0.78 	0.58 	
19494 	26505 	04103465-2636302 	0.03 	0.63 	-0.03 	
21112 	28635 	04312933+1354125 	0.1 	0.92 	0.29 	
100788 	334372 	20260709+2928015 	-0.08 	0.62 	0.13 	
3033 	3556 	00383448+0601181 	0.13 	0.97 	0.25 	
25880 	35961 	05312897+5439172 	-0.23 	0.45 	0.05 	
846 	603 	00102306-1359023 	-0.16 	0.6 		
37327 	61632 	07394570-1230455 	-0.54 	-0.01 	-0.02 	
5831 	7514 	01144714-2923253 	-0.17 	0.59 	0.39 	
6305 	8173 	01210054-1244346 	-0.01 	0.86 	0.25 	
48000 	84703 	09470490-0037080 	0.02 	0.85 	0.33 	
7090 	9224 	01311949+2924473 	-0.005 	0.72 	0.28 	
53549 	94915 	10571744-1544053 	-0.09 	0.59 	0.28 	
109563 	210631 	22113937+0611365 	-0.35 	0.2 		
72190 	130087 	14455678+1003071 	0.28 	1.86 	0.6 	
60304 	107611 	12215616+2718342 	-0.02 	1.3 		
62350 	111069 	12463418+1122426 	0.25 	1.07 	0.62 	
66781 	119332 	13411342+5643377 	-0.07 	0.03 	0.81 	
69526 	124642 	14135713+3013015 	0.02 	0.12 	0.62 	
75809 	139777 	15291127+8026550 	0.01 	-0.08 	0.32 	
79327 	145729 	16112373+2826187 	-0.04 	0.76 	0.6 	
84616 	156985 	17175040+5226499 	-0.18 	0.02 	0.68 	
86141 	160964 	17361334+7152426 	-0.05 	-0.71 	0.67 	
88324 	164651 	18021787+0006150 	0.05 	0.65 	0.74 	
90427 	170008 	18270162+0912347 	-0.33 	-0.16 	0.29 	
90959 	171314 	18331775+2218515 	0.07 	0.17 	0.97 	
91773 	173605 	18424945+5751547 	0.03 	1.26 		
92283 	174080 	18482922+1044438 	0.04 	0.17 	0.76 	
92569 	174719 	18514842+0301516 	-0.175 	0.37 	0.41 	
95622 	182905 	19265773-0054430 	0.1 	0.6 	0.26 	
97105 	186413 	19440438+0330277 	0.03 	0.61 	0.31 	
97846 	188326 	19530154+3846235 	-0.18 	0.205 	0.52 	
101620 	196218 	20354286+0318101 	-0.11 	0.85 	0.28 	
15405 	20039 	03183846+7216305 	-0.73 	-0.17 	0.52 	
105992 	204734 	21280117+6423163 	0.09 	0.41 	0.46 	
111888 	214683 	22395077+0406581 	-0.46 	-0.18 	0.43 	
113829 	217813 	23030499+2055068 	0.03 	0.02 	0.49 	
115147 	220140 	23192665+7900125 	-0.03 	-0.03 		
115331 	220182 	23213644+4405520 	-0.03 	0.07 	0.65 	
115341 	220221 	23214442+4510339 	0.16 	0.07 	0.96 	
18413 	24409 	03561156+5938309 	-0.135 	0.46 	0.42 	
20949 	283704 	04293075+2640176 	0.2 	0.78 	0.92 	
21272 	28946 	04335040+0523060 	-0.15 	0.24 	0.32 	
29573 	42983 	06135275+0248318 	0.15 	0.05 	0.72 	
31083 	46090 	06312149+0254406 	-0.15 	0.64 	0.62 	
31197 	46301 	06324269+0348525 	0.3 	1.44 		
3876 	4635 	00494647+7026583 	0.07 	0.09 	0.92 	
32010 	47752 	06411570+2357278 	-0.05 	-0.285 	0.66 	
33852 	51866 	07013853+4822439 		0.02 	0.91 	
4454 	5351 	00570437+6902363 	-0.21 	-0.13 	0.63 	
34567 	54371 	07093540+2543433 	0.06 	0.09 	0.77 	
35751 	57707 		0.1 	0.25 	0.2 	
38397 	64021 	07515880+0520586 	0.3 	1.67 		
42575 	73393 	08404215+5540038 	0.045 	0.69 	0.81 	
5944 	7590 	01162926+4256219 	-0.1 	-0.03 	0.27 	
51468 	90875 	10304699+5945040 	0.24 	-0.26 	1.0 	
52667 	93215 	10460923+2545396 	0.255 	0.94 	0.99 	
53486 	94765 	10563080+0723184 	-0.01 	0.1 	0.67 	
54810 	97503 	11131322+0428562 	0.115 	-1.14 	0.75 	
20896 	27172 	04284206+7942068 	-0.12 	1.39 	0.6 	
19431 	26337 	04094089-0753343 	-0.05 	0.77 		
115527 	220476 	23240632-0733028 		0.61 	0.9 	
67090 		13450502+1747105 	0.42 	-2.1 	0.56 	
84309 		17141159+2934096 	-0.38 	0.37 	0.19 	
25973 	36066 	05323377+5713160 	-0.02 	0.11 	0.16 	
17027 	22713 		0.06 	0.22 	0.17 	
4288 	5286 		0.11 	0.05 	0.33 	
43454 	75528 	08510149+1521022 	0.12 	0.83 	0.23 	
99171 	191067 	20080180-0040412 	-0.03 	-0.15 	0.28 	
79607 	146361 	16144084+3351307 		1.08 	0.51 	
69564 	124553 	14142131-0556516 	0.165 	0.91 	0.35 	
71729 	129132 		-0.16 	1.3 	-0.1 	
87895 	163840 		0.01 	0.76 	0.13 	
92549 	175225 	18513497+5258300 	0.16 	0.55 	0.39 	
94981 	181655 	19193897+3719500 	0.06 	0.6 	0.21 	
102642 	198387 	20475298+5224261 	-0.04 	-0.03 	0.02 	
19859 	26923 	04152879+0611128 	-0.03 	-0.03 	0.14 	
50546 	89319 	10192679+4823482 	0.23 	0.17 	0.55 	
53257 	94132 	10533074+6951140 	0.15 	0.22 	0.49 	
2941 	3443 		-0.165 	0.17 	0.01 	
24130 	33555 	05105801-0215148 	0.065 	0.15 	0.43 	
34608 	54563 	07100668+2114493 	-0.43 	-0.18 	-0.05 	
5947 	7238 	01163090+7954360 	0.05 	1.72 		
8044 	10486 	01431648+4519216 	0.32 	-0.03 	0.83 	
69493 	124425 	14134077-0050434 	0.05 	1.77 	0.26 	
82989 	153226 	16573205+1353027 	-0.01 	0.1 	0.29 	
88684 	165438 	18061519-0445044 	0.02 	0.02 	0.19 	
104788 	202582 			0.76 	-0.05 	
105312 	202940 		-0.285 	0.18 		
111974 	214850 	22405269+1432571 	-0.18 	0.3 	-0.12 	
84949 	157482 		0.12 	0.8 	-0.01 	
56832 	101242 	11390099+0603285 	0.067 	-8.67362e-18 		
45617 	79969 	09175344+2833384 	-0.05 	0.02 		
71743 	128987 	14403109-1612335 	0.06 	-0.05 		
5286 	6660 	01073785+2257189 	0.08 	0.05 		
13258 	17660 	02503683+1542360 	0.17 	0.32 		
19422 	25665 	04093502+6932292 	0.01 	0.07 		
42499 	73667 	08395078+1131214 	-0.58 	-0.28 		
47690 	84035 	09432563+4241309 	0.25 	0.17 		
63762 	115675 	13040719+8706554 	0.02 	0.05 		
70950 	127506 	14304497+3527135 	-0.08 			
98828 	190470 	20041005+2547248 	0.11 	0.12 		
45699 	80218 	09185885+1742195 	-0.31 	-0.14 		
35185 	56202 	07161855+0504338 	-0.04 	-0.05 		
475 	70 	00054166+5818478 	-0.34 	-0.18 		
530 	153 	00062601+4245098 	-0.01 	-0.01 		
1105 	912 	00134653+6451534 	-0.24 	-0.16 		
5775 	7424 	01140721-1625348 	-0.44 	0.16 		
6711 	8671 	01261868+4327279 	-0.19 	-0.04 		
8476 	11045 	01491613+3526256 	-0.37 	-0.16 		
11584 	15398 	02291749+2135377 	-0.08 	0.05 		
11923 	15777 	02335366+4930214 	-0.4 	-0.03 		
12262 	16067 	02375297+6519073 	-0.04 	-0.01 		
23080 	31501 	04575928+3416050 	-0.37 	-0.04 		
29248 	42160 	06100107+1756029 	-0.18 	-0.04 		
32650 	49409 	06483940+0737206 	-0.42 	0.1 		
40001 	67587 	08101145+3527184 	-0.3 	-0.23 		
59589 	106210 	12131312+1049179 	-0.13 	0.06 		
61157 	109154 	12315477+6830531 	-0.39 	-0.18 		
62507 	111367 	12483409+2635493 	-0.17 	-0.04 		
64103 	114094 	13081315+0346366 	-0.185 	-0.11 		
66051 	117858 	13323094+3602069 	-0.57 	-0.28 		
72604 	131042 	14504104+2254273 	-0.18 	0.03 		
72803 	131597 	14525162+4828060 	-0.65 	-0.33 		
73440 	133621 	15002700+7145558 	-0.47 	-0.28 		
74326 	135694 	15112894+7150275 	-0.19 			
80818 	149105 	16301497+4757080 	-0.2 	0.03 		
81312 	149890 	16362601+3056306 	-0.26 	-0.18 		
85964 	160078 	17340918+6005219 	-0.11 	-4.16334e-17 		
90745 	171009 	18305756+3355586 	-0.4 	-0.06 		
94842 	181047 	19175367+2522104 	-0.03 	0.02 		
104347 	201444 	21082195+3940169 	-0.59 	-0.25 		
109372 	210457 	22092826+4655149 	-0.26 	-0.09 		
109677 	210923 	22130323+3336120 	-0.2 	-0.1 		
111431 	214111 	22343085+6349111 	-0.05 	0.04 		
112263 	215442 	22441947+5126582 	-0.15 	-0.1 		
112595 	215942 	22481397+4131570 	-0.17 	0.03 		
112697 	216106 	22491754+5058362 	-0.33 	-0.22 		
114034 	218172 	23053532+2014273 	-0.21 	-0.01 		
114838 	219476 	23154165+3140321 	-0.59 	-0.35 		
117484 	223436 	23492129+2352275 	-0.03 	0.16 		
64386 		13114832+1822448 	-0.68 	-0.39 		
106335 		21321194+0013180 	-1.04 	-0.24 		
6748 	8829 	01265156-1303233 	0.21 	0.76 		
52279 	92545 	10405769-1211446 	-0.205 	0.2 		
50805 	89948 	10222184-2933213 	-0.295 	-0.14 		
98431 	188985 	19595829-4858310 	-0.335 	-0.01 		
65535 	116713 	13260776-3945182 	-0.18 	0.245 		
69176 	123585 	14093579-4422010 	-0.56 	0.35 		
49161 	87007 	10015859-1024193 	0.29 	0.33 		
59572 	106156 	12125752+1002155 	0.23 	0.09 		
68634 	122676 	14025689+1458314 	-0.055 	-0.06 		
75266 	136834 	15224254+0125069 	0.225 	0.32 		
78241 	143291 	15583206+2744239 	-0.385 	-0.08 		
92918 	175518 	18555297-0544425 	0.31 	0.25 		
75389 	137687 	15241799+6032577 	-0.56 	-0.22 		
17341 	22872 	03424167+5110235 	0.04 	-0.03 		
36976 	60779 	07360145-0309064 	-0.1 	-0.09 		
43766 	76095 	08545597+2611544 	-0.19 	0.03 		
76185 	138750 	15334024+0921125 	-0.18 	-0.17 		
84676 	156617 	17183927-0130357 	-0.03 	-0.05 		
90813 	171242 	18313007+4500358 	-0.22 	0.02 		
107060 	206373 	21410066+2920253 	-0.16 	-0.17 		
113651 	217511 	23010215+2223283 	-0.12 	0.02 		
65747 	117243 	13283931+2826547 	0.3 	0.17 		
70470 	126511 	14244897+4116307 	0.07 	0.07 		
44097 	76780 	08585572+2109588 	0.195 	0.12 		
74135 	134474 	15085871+3719065 	0.17 	0.2 		
97219 	187055 	19453031+5046212 	0.17 	0.01 		
10324 	13611 		-0.14 	0.11 		
94913 	181053 		-0.19 	-0.04 		
6322 	8270 	01210997-4731517 	-0.42 	-0.1 		
10119 	13551 	02100827-6045292 	-0.44 	-0.23 		
58070 	103419 	11543377+1752500 	-0.25 	-0.14 		
49738 	87899 	10091425+4617023 	-0.37 	-0.19 		
54109 	95980 	11041893+0547445 	-0.09 	-0.07 		
35872 	57901 	07234705+1257540 	-0.03 	0.01 		
723 	404 	00085726+6627239 	0.01 	0.02 		
